#ifndef __LQ_DISPLAY_TFT_FONT_HPP
#define __LQ_DISPLAY_TFT_FONT_HPP

/*!
    汉字字库索引
    这里只写一个是因为下面字库中汉字和数量都一样，
    如果自定义了一个汉字字库，那么需要写一个与
    自定义字库汉字内容、数量、顺序对应的索引
*/
const unsigned char tfont_Idx[] =
{
  "龙邱科技"
};
/* 取模选项：宋体，阴码，逐行式，点阵12*12，顺向，十六进制，C51格式*/
/* 汉字字库，尺寸 12*12 */
const unsigned char tfont_12x12[] = {
    0x00, 0x0C,     /* 字宽，获取字模时会设置该数值，保证该数值与设置的一致; 这里使用两字节 0x00 为高字节，0x10 为低字节 */
    0x00, 0x0C,     /* 字高，获取字模时会设置该数值，保证该数值与设置的一致; 这里使用两字节 0x00 为高字节，0x10 为低字节 */

    0x00, 0x06,     /* 对应英文长宽比的字宽，在取字模软件设置字宽字高正上方; 这里使用两字节 0x00 为高字节，0x08 为低字节 */
    0x00, 0x0C,     /* 对应英文长宽比的字高，在取字模软件设置字宽字高正上方; 这里使用两字节 0x00 为高字节，0x10 为低字节 */

    0x00, 0x04,     /* 汉字数量; 这里使用两字节 0x00 为高字节，0x04 为低字节 */

    0x09,0x00,0x08,0x80,0x08,0x00,0xFF,0xE0,0x0A,0x00,0x12,0x00,0x12,0x40,0x12,0x80,
    0x23,0x00,0x22,0x20,0x46,0x20,0x89,0xE0,/*"龙",0*/

    0x08,0x00,0x71,0xE0,0x41,0x20,0x41,0x20,0x7D,0x40,0x49,0x40,0x49,0x20,0x49,0x20,
    0x49,0x20,0x5D,0xC0,0xE1,0x00,0x01,0x00,/*"邱",1*/

    0x10,0x80,0xE4,0x80,0x22,0x80,0x20,0x80,0xFC,0x80,0x22,0x80,0x70,0x80,0x68,0xE0,
    0xA7,0x80,0x20,0x80,0x20,0x80,0x20,0x80,/*"科",2*/

    0x21,0x00,0x21,0x00,0x2F,0xE0,0xF1,0x00,0x21,0x00,0x2F,0xC0,0x34,0x40,0xE4,0x40,
    0x22,0x80,0x21,0x00,0x22,0x80,0x6C,0x60,/*"技",3*/
};

/* 汉字字库，尺寸 16*16 */
const unsigned char tfont_16x16[] = {
    0x00, 0x10,     /* 字宽，获取字模时会设置该数值，保证该数值与设置的一致; 这里使用两字节 0x00 为高字节，0x10 为低字节 */
    0x00, 0x10,     /* 字高，获取字模时会设置该数值，保证该数值与设置的一致; 这里使用两字节 0x00 为高字节，0x10 为低字节 */

    0x00, 0x08,     /* 对应英文长宽比的字宽，在取字模软件设置字宽字高正上方; 这里使用两字节 0x00 为高字节，0x08 为低字节 */
    0x00, 0x10,     /* 对应英文长宽比的字高，在取字模软件设置字宽字高正上方; 这里使用两字节 0x00 为高字节，0x10 为低字节 */

    0x00, 0x04,     /* 汉字数量; 这里使用两字节 0x00 为高字节，0x04 为低字节 */

    0x04,0x20,0x04,0x10,0x04,0x10,0x04,0x00,0xFF,0xFE,0x04,0x80,0x04,0x88,0x04,0x88,
    0x04,0x90,0x08,0xA0,0x08,0xC0,0x10,0x82,0x11,0x82,0x22,0x82,0x44,0x7E,0x80,0x00,/*"龙",0*/

    0x00,0x00,0x03,0x3E,0x3C,0x22,0x20,0x24,0x20,0x24,0x20,0x28,0x3F,0xA4,0x22,0x24,
    0x22,0x22,0x22,0x22,0x22,0x22,0x22,0x34,0x27,0xA8,0xF8,0x20,0x40,0x20,0x00,0x20,/*"邱",1*/

    0x08,0x10,0x1D,0x10,0xF0,0x90,0x10,0x90,0x10,0x10,0xFD,0x10,0x10,0x90,0x38,0x90,
    0x34,0x10,0x50,0x1E,0x53,0xF0,0x90,0x10,0x10,0x10,0x10,0x10,0x10,0x10,0x10,0x10,/*"科",2*/

    0x10,0x20,0x10,0x20,0x10,0x20,0x13,0xFE,0xFC,0x20,0x10,0x20,0x10,0x20,0x15,0xFC,
    0x18,0x84,0x30,0x88,0xD0,0x48,0x10,0x50,0x10,0x20,0x10,0x50,0x51,0x88,0x26,0x06,/*"技",3*/
};

/* 汉字字库，尺寸 24*24 */
const unsigned char tfont_24x24[] = {
    0x00, 0x18,     /* 字宽，获取字模时会设置该数值，保证该数值与设置的一致; 这里使用两字节 0x00 为高字节，0x10 为低字节 */
    0x00, 0x18,     /* 字高，获取字模时会设置该数值，保证该数值与设置的一致; 这里使用两字节 0x00 为高字节，0x10 为低字节 */

    0x00, 0x0C,     /* 对应英文长宽比的字宽，在取字模软件设置字宽字高正上方; 这里使用两字节 0x00 为高字节，0x08 为低字节 */
    0x00, 0x18,     /* 对应英文长宽比的字高，在取字模软件设置字宽字高正上方; 这里使用两字节 0x00 为高字节，0x10 为低字节 */

    0x00, 0x04,     /* 汉字数量; 这里使用两字节 0x00 为高字节，0x04 为低字节 */

    0x00,0x00,0x00,0x00,0x40,0x00,0x00,0x62,0x00,0x00,0x61,0x80,0x00,0x60,0xC0,0x00,
    0x60,0x40,0x00,0x60,0x48,0x7F,0xFF,0xFC,0x00,0x66,0x00,0x00,0x66,0x00,0x00,0x46,
    0x30,0x00,0x46,0x30,0x00,0x46,0x60,0x00,0xC6,0xC0,0x00,0x87,0x80,0x00,0x87,0x00,
    0x01,0x86,0x04,0x03,0x0E,0x04,0x02,0x16,0x04,0x04,0x66,0x04,0x08,0x02,0x06,0x10,
    0x03,0xFC,0x60,0x00,0x00,0x00,0x00,0x00,/*"龙",0*/

    0x00,0x00,0x00,0x00,0x00,0x00,0x00,0x30,0x00,0x13,0xF3,0xFC,0x1C,0x03,0x0C,0x18,
    0x03,0x08,0x18,0x03,0x18,0x18,0x03,0x10,0x18,0x03,0x10,0x1F,0xFF,0x20,0x18,0x43,
    0x20,0x18,0x43,0x20,0x18,0x43,0x10,0x18,0x43,0x08,0x18,0x43,0x0C,0x18,0x43,0x04,
    0x18,0x43,0x04,0x18,0x43,0x0C,0x18,0xF3,0x38,0x3F,0x03,0x10,0x20,0x03,0x00,0x00,
    0x03,0x00,0x00,0x02,0x00,0x00,0x00,0x00,/*"邱",1*/

    0x00,0x00,0x00,0x00,0x00,0x20,0x00,0xE0,0x30,0x1F,0x00,0x20,0x03,0x00,0x20,0x03,
    0x06,0x20,0x03,0x03,0x20,0x03,0x00,0x20,0x7F,0xE0,0x20,0x03,0x00,0x20,0x03,0x04,
    0x20,0x07,0x06,0x20,0x07,0xC2,0x20,0x0F,0x62,0x24,0x0B,0x22,0x2E,0x13,0x01,0xF0,
    0x13,0x1E,0x20,0x23,0x20,0x20,0x43,0x00,0x20,0x03,0x00,0x20,0x03,0x00,0x20,0x03,
    0x00,0x20,0x03,0x00,0x20,0x02,0x00,0x20,/*"科",2*/

    0x00,0x00,0x00,0x04,0x01,0x00,0x06,0x01,0x80,0x06,0x01,0x00,0x06,0x01,0x00,0x06,
    0x01,0x00,0x7F,0xFF,0xFC,0x06,0x01,0x00,0x06,0x01,0x00,0x06,0x01,0x00,0x06,0x41,
    0x00,0x07,0xBF,0xF8,0x0E,0x08,0x10,0x76,0x08,0x30,0x26,0x04,0x20,0x06,0x04,0x60,
    0x06,0x02,0x40,0x06,0x02,0xC0,0x06,0x01,0x80,0x06,0x02,0xC0,0x26,0x0C,0x70,0x1E,
    0x30,0x3E,0x04,0xC0,0x08,0x00,0x00,0x00,/*"技",3*/
};

/* 汉字字库，尺寸 32*32 */
const unsigned char tfont_32x32[] = {
    0x00, 0x20,     /* 字宽，获取字模时会设置该数值，保证该数值与设置的一致; 这里使用两字节 0x00 为高字节，0x10 为低字节 */
    0x00, 0x20,     /* 字高，获取字模时会设置该数值，保证该数值与设置的一致; 这里使用两字节 0x00 为高字节，0x10 为低字节 */

    0x00, 0x10,     /* 对应英文长宽比的字宽，在取字模软件设置字宽字高正上方; 这里使用两字节 0x00 为高字节，0x08 为低字节 */
    0x00, 0x20,     /* 对应英文长宽比的字高，在取字模软件设置字宽字高正上方; 这里使用两字节 0x00 为高字节，0x10 为低字节 */

    0x00, 0x04,     /* 汉字数量; 这里使用两字节 0x00 为高字节，0x04 为低字节 */

    0x00,0x00,0x00,0x00,0x00,0x00,0x00,0x00,0x00,0x0C,0x00,0x00,0x00,0x0F,0x20,0x00,
    0x00,0x0C,0x18,0x00,0x00,0x0C,0x0E,0x00,0x00,0x0C,0x07,0x00,0x00,0x0C,0x03,0x00,
    0x00,0x0C,0x01,0x10,0x00,0x0C,0x00,0x38,0x3F,0xFF,0xFF,0xFC,0x00,0x0C,0x30,0x00,
    0x00,0x0C,0x30,0x00,0x00,0x0C,0x30,0x40,0x00,0x0C,0x30,0xE0,0x00,0x0C,0x30,0xC0,
    0x00,0x08,0x31,0x80,0x00,0x18,0x33,0x00,0x00,0x18,0x36,0x00,0x00,0x18,0x3C,0x00,
    0x00,0x30,0x38,0x00,0x00,0x30,0x30,0x08,0x00,0x60,0x70,0x08,0x00,0x60,0xF0,0x08,
    0x00,0xC3,0x30,0x08,0x01,0x84,0x30,0x08,0x03,0x18,0x30,0x0C,0x06,0x00,0x3F,0xFC,
    0x0C,0x00,0x1F,0xF8,0x10,0x00,0x00,0x00,0x20,0x00,0x00,0x00,0x00,0x00,0x00,0x00,/*"龙",0*/

    0x00,0x00,0x00,0x00,0x00,0x00,0x00,0x00,0x00,0x02,0x00,0x00,0x08,0x1F,0x10,0x18,
    0x07,0xF0,0x1F,0xFC,0x04,0x00,0x18,0x18,0x04,0x00,0x18,0x30,0x04,0x00,0x18,0x30,
    0x04,0x00,0x18,0x20,0x04,0x00,0x18,0x60,0x04,0x01,0x98,0x40,0x07,0xFF,0xD8,0x40,
    0x04,0x0C,0x18,0x80,0x04,0x0C,0x18,0x80,0x04,0x0C,0x18,0x80,0x04,0x0C,0x18,0x40,
    0x04,0x0C,0x18,0x20,0x04,0x0C,0x18,0x30,0x04,0x0C,0x18,0x18,0x04,0x0C,0x18,0x18,
    0x04,0x0C,0x18,0x18,0x04,0x0C,0x18,0x1C,0x04,0x0C,0xD8,0x18,0x04,0x3F,0x1B,0xB8,
    0x3F,0xC0,0x18,0xF8,0x1C,0x00,0x18,0x70,0x10,0x00,0x18,0x00,0x00,0x00,0x18,0x00,
    0x00,0x00,0x18,0x00,0x00,0x00,0x18,0x00,0x00,0x00,0x10,0x00,0x00,0x00,0x00,0x00,/*"邱",1*/

    0x00,0x00,0x00,0x00,0x00,0x00,0x00,0x00,0x00,0x00,0x00,0x80,0x00,0x0C,0x00,0xE0,
    0x00,0x3C,0x00,0xC0,0x07,0xE0,0x00,0xC0,0x38,0xC0,0x00,0xC0,0x00,0xC0,0x60,0xC0,
    0x00,0xC0,0x30,0xC0,0x00,0xC0,0x18,0xC0,0x00,0xC0,0x18,0xC0,0x00,0xC4,0x00,0xC0,
    0x3F,0xFE,0x00,0xC0,0x00,0xC0,0x00,0xC0,0x00,0xC0,0x40,0xC0,0x01,0xC0,0x60,0xC0,
    0x01,0xF0,0x30,0xC0,0x03,0xDC,0x10,0xC0,0x02,0xCC,0x00,0xCC,0x06,0xC4,0x00,0xFC,
    0x04,0xC4,0x0F,0xC0,0x08,0xC1,0xF0,0xC0,0x10,0xC6,0x00,0xC0,0x20,0xC0,0x00,0xC0,
    0x40,0xC0,0x00,0xC0,0x00,0xC0,0x00,0xC0,0x00,0xC0,0x00,0xC0,0x00,0xC0,0x00,0xC0,
    0x00,0xC0,0x00,0xC0,0x00,0xC0,0x00,0xC0,0x00,0x80,0x00,0x80,0x00,0x00,0x00,0x00,/*"科",2*/

    0x00,0x00,0x00,0x00,0x00,0x00,0x00,0x00,0x01,0x00,0x08,0x00,0x01,0xC0,0x0E,0x00,
    0x01,0x80,0x0C,0x00,0x01,0x80,0x0C,0x00,0x01,0x80,0x0C,0x00,0x01,0x80,0x0C,0x00,
    0x01,0x98,0x0C,0x18,0x3F,0xFF,0xFF,0xFC,0x01,0x80,0x0C,0x00,0x01,0x80,0x0C,0x00,
    0x01,0x80,0x0C,0x00,0x01,0x80,0x0C,0x00,0x01,0x8C,0x0C,0x20,0x01,0xB3,0xFF,0xF0,
    0x01,0xC0,0x80,0x60,0x0F,0x80,0x80,0x60,0x3D,0x80,0x40,0xC0,0x31,0x80,0x40,0xC0,
    0x01,0x80,0x61,0x80,0x01,0x80,0x21,0x80,0x01,0x80,0x33,0x00,0x01,0x80,0x16,0x00,
    0x01,0x80,0x0E,0x00,0x01,0x80,0x1E,0x00,0x01,0x80,0x37,0x00,0x01,0x80,0xE3,0xC0,
    0x1F,0x81,0x80,0xF8,0x07,0x8E,0x00,0x7C,0x02,0x30,0x00,0x00,0x00,0x00,0x00,0x00,/*"技",3*/
};

/** 字库
字库码的引索
--------------------------------------------------------------
(0)  !(1)  "(2)  #(3)  $(4)  %(5)  &(6)  '(7)
((8)  )(9)  *(10) +(11) ,(12) -(13) .(14) /(15)
0(16) 1(17) 2(18) 3(19) 4(20) 5(21) 6(22) 7(23)
8(24) 9(25) :(26) ;(27) <(28) =(29) >(30) ?(31)
@(32) A(33) B(34) C(35) D(36) E(37) F(38) G(39)
H(40) I(41) J(42) K(43) L(44) M(45) N(46) O(47)
P(48) Q(49) R(50) S(51) T(52) U(53) V(54) W(55)
X(56) Y(57) Z(58) [(59) \(60) ](61) ^(62) _(63)
`(64) a(65) b(66) c(67) d(68) e(69) f(70) g(71)
h(72) i(73) j(74) k(75) l(76) m(77) n(78) o(79)
p(80) q(81) r(82) s(83) t(84) u(85) v(86) w(87)
x(88) y(89) z(90) {(91) |(92) }(93) ~(94)
--------------------------------------------------------------
字体:	  8*6字体
取码规则:	低位在前, 列行扫描, 阴码(1-亮, 0-灭)
查表方法: 要显示的ASCII码-32就可以得到字库码的指针 */
const unsigned char Font_code8[][6] = {
    {0x00, 0x00, 0x00, 0x00, 0x00, 0x00},  // (0)
    {0x00, 0x00, 0x00, 0x4F, 0x00, 0x00},  //!(1)
    {0x00, 0x00, 0x07, 0x00, 0x07, 0x00},  //"(2)
    {0x00, 0x14, 0x7F, 0x14, 0x7F, 0x14},  // #(3)
    {0x00, 0x24, 0x2A, 0x7F, 0x2A, 0x12},  //$(4)
    {0x00, 0x23, 0x13, 0x08, 0x64, 0x62},  //%(5)
    {0x00, 0x36, 0x49, 0x55, 0x22, 0x50},  //&(6)
    {0x00, 0x00, 0x05, 0x03, 0x00, 0x00},  //'(7)
    {0x00, 0x00, 0x1C, 0x22, 0x41, 0x00},  //((8)
    {0x00, 0x00, 0x41, 0x22, 0x1C, 0x00},  //)(9)
    {0x00, 0x14, 0x08, 0x3E, 0x08, 0x14},  //*(10)
    {0x00, 0x08, 0x08, 0x3E, 0x08, 0x08},  //+(11)
    {0x00, 0x00, 0x50, 0x30, 0x00, 0x00},  //,(12)
    {0x00, 0x08, 0x08, 0x08, 0x08, 0x08},  //-(13)
    {0x00, 0x00, 0x60, 0x60, 0x00, 0x00},  //.(14)
    {0x00, 0x20, 0x10, 0x08, 0x04, 0x02},  ///(15)
    {0x00, 0x3E, 0x51, 0x49, 0x45, 0x3E},  // 0(16)
    {0x00, 0x00, 0x42, 0x7F, 0x40, 0x00},  // 1(17)
    {0x00, 0x42, 0x61, 0x51, 0x49, 0x46},  // 2(18)
    {0x00, 0x21, 0x41, 0x45, 0x4B, 0x31},  // 3(19)
    {0x00, 0x18, 0x14, 0x12, 0x7F, 0x10},  // 4(20)
    {0x00, 0x27, 0x45, 0x45, 0x45, 0x39},  // 5(21)
    {0x00, 0x3C, 0x4A, 0x49, 0x49, 0x30},  // 6(22)
    {0x00, 0x01, 0x71, 0x09, 0x05, 0x03},  // 7(23)
    {0x00, 0x36, 0x49, 0x49, 0x49, 0x36},  // 8(24)
    {0x00, 0x06, 0x49, 0x49, 0x29, 0x1E},  // 9(25)
    {0x00, 0x00, 0x36, 0x36, 0x00, 0x00},  //:(26)
    {0x00, 0x00, 0x56, 0x36, 0x00, 0x00},  //;(27)
    {0x00, 0x08, 0x14, 0x22, 0x41, 0x00},  //<(28)
    {0x00, 0x14, 0x14, 0x14, 0x14, 0x14},  //=(29)
    {0x00, 0x00, 0x41, 0x22, 0x14, 0x08},  //>(30)
    {0x00, 0x02, 0x01, 0x51, 0x09, 0x06},  //?(31)
    {0x00, 0x32, 0x49, 0x79, 0x41, 0x3E},  //@(32)
    {0x00, 0x7E, 0x11, 0x11, 0x11, 0x7E},  // A(33)
    {0x00, 0x7F, 0x49, 0x49, 0x49, 0x3E},  // B(34)
    {0x00, 0x3E, 0x41, 0x41, 0x41, 0x22},  // C(35)
    {0x00, 0x7F, 0x41, 0x41, 0x22, 0x1C},  // D(36)
    {0x00, 0x7F, 0x49, 0x49, 0x49, 0x41},  // E(37)
    {0x00, 0x7F, 0x09, 0x09, 0x09, 0x01},  // F(38)
    {0x00, 0x3E, 0x41, 0x49, 0x49, 0x7A},  // G(39)
    {0x00, 0x7F, 0x08, 0x08, 0x08, 0x7F},  // H(40)
    {0x00, 0x00, 0x41, 0x7F, 0x41, 0x00},  // I(41)
    {0x00, 0x20, 0x40, 0x41, 0x3F, 0x01},  // J(42)
    {0x00, 0x7F, 0x08, 0x14, 0x22, 0x41},  // K(43)
    {0x00, 0x7F, 0x40, 0x40, 0x40, 0x40},  // L(44)
    {0x00, 0x7F, 0x02, 0x04, 0x02, 0x7F},  // M(45)
    {0x00, 0x7F, 0x04, 0x08, 0x10, 0x7F},  // N(46)
    {0x00, 0x3E, 0x41, 0x41, 0x41, 0x3E},  // O(47)
    {0x00, 0x7F, 0x09, 0x09, 0x09, 0x06},  // P(48)
    {0x00, 0x3E, 0x41, 0x51, 0x21, 0x5E},  // Q(49)
    {0x00, 0x7F, 0x09, 0x19, 0x29, 0x46},  // R(50)
    {0x00, 0x46, 0x49, 0x49, 0x49, 0x31},  // S(51)
    {0x00, 0x01, 0x01, 0x7F, 0x01, 0x01},  // T(52)
    {0x00, 0x3F, 0x40, 0x40, 0x40, 0x3F},  // U(53)
    {0x00, 0x1F, 0x20, 0x40, 0x20, 0x1F},  // V(54)
    {0x00, 0x3F, 0x40, 0x38, 0x40, 0x3F},  // W(55)
    {0x00, 0x63, 0x14, 0x08, 0x14, 0x63},  // X(56)
    {0x00, 0x03, 0x04, 0x78, 0x04, 0x03},  // Y(57)
    {0x00, 0x61, 0x51, 0x49, 0x45, 0x43},  // Z(58)
    {0x00, 0x00, 0x7F, 0x41, 0x41, 0x00},  //[(59)
    {0x00, 0x15, 0x16, 0x7C, 0x16, 0x15},  //\(60)
    {0x00, 0x00, 0x41, 0x41, 0x7F, 0x00},  //](61)
    {0x00, 0x04, 0x02, 0x01, 0x02, 0x04},  //^(62)
    {0x00, 0x40, 0x40, 0x40, 0x40, 0x40},  //_(63)
    {0x00, 0x00, 0x01, 0x02, 0x04, 0x00},  //`(64)
    {0x00, 0x20, 0x54, 0x54, 0x54, 0x78},  // a(65)
    {0x00, 0x7F, 0x48, 0x44, 0x44, 0x38},  // b(66)
    {0x00, 0x38, 0x44, 0x44, 0x44, 0x20},  // c(67)
    {0x00, 0x38, 0x44, 0x44, 0x48, 0x7F},  // d(68)
    {0x00, 0x38, 0x54, 0x54, 0x54, 0x18},  // e(69)
    {0x00, 0x08, 0x7E, 0x09, 0x01, 0x02},  // f(70)
    {0x00, 0x0C, 0x52, 0x52, 0x52, 0x3E},  // g(71)
    {0x00, 0x7F, 0x08, 0x04, 0x04, 0x78},  // h(72)
    {0x00, 0x00, 0x44, 0x7D, 0x40, 0x00},  // i(73)
    {0x00, 0x20, 0x40, 0x44, 0x3D, 0x00},  // j(74)
    {0x00, 0x7F, 0x10, 0x28, 0x44, 0x00},  // k(75)
    {0x00, 0x00, 0x41, 0x7F, 0x40, 0x00},  // l(76)
    {0x00, 0x7E, 0x02, 0x0C, 0x02, 0x7C},  // m(77)
    {0x00, 0x7E, 0x04, 0x02, 0x02, 0x7C},  // n(78)
    {0x00, 0x38, 0x44, 0x44, 0x44, 0x38},  // o(79)
    {0x00, 0x7C, 0x14, 0x14, 0x14, 0x08},  // p(80)
    {0x00, 0x08, 0x14, 0x14, 0x18, 0x7C},  // q(81)
    {0x00, 0x7C, 0x08, 0x04, 0x04, 0x08},  // r(82)
    {0x00, 0x48, 0x54, 0x54, 0x54, 0x20},  // s(83)
    {0x00, 0x04, 0x3F, 0x44, 0x40, 0x20},  // t(84)
    {0x00, 0x3C, 0x40, 0x40, 0x20, 0x7C},  // u(85)
    {0x00, 0x1C, 0x20, 0x40, 0x20, 0x1C},  // v(86)
    {0x00, 0x3C, 0x40, 0x30, 0x40, 0x3C},  // w(87)
    {0x00, 0x44, 0x28, 0x10, 0x28, 0x44},  // x(88)
    {0x00, 0x0C, 0x50, 0x50, 0x50, 0x3C},  // y(89)
    {0x00, 0x44, 0x64, 0x54, 0x4C, 0x44},  // z(90)
    {0x00, 0x00, 0x08, 0x36, 0x41, 0x00},  //{(91)
    {0x00, 0x00, 0x00, 0x7F, 0x00, 0x00},  //|(92)
    {0x00, 0x00, 0x41, 0x36, 0x08, 0x00},  //}(93)
    {0x00, 0x08, 0x04, 0x08, 0x10, 0x08},  //~(94)
    {0x00, 0x08, 0x08, 0x2A, 0x1C, 0x08},  // →(127)
    {0x00, 0x08, 0x1C, 0x2A, 0x08, 0x08},  // ←(128)
    {0x00, 0x04, 0x02, 0x7F, 0x02, 0x04},  // ↑(129)
    {0x00, 0x10, 0x20, 0x7F, 0x20, 0x10},  // ↓(130)
    {0x00, 0x1C, 0x2A, 0x32, 0x2A, 0x1C},  // 笑面(131)
    {0x00, 0x1C, 0x22, 0x44, 0x22, 0x1C}}; // 爱心(132)

/** 字库
字库码的引索
--------------------------------------------------------------
(0)  !(1)  "(2)  #(3)  $(4)  %(5)  &(6)  '(7)
((8)  )(9)  *(10) +(11) ,(12) -(13) .(14) /(15)
0(16) 1(17) 2(18) 3(19) 4(20) 5(21) 6(22) 7(23)
8(24) 9(25) :(26) ;(27) <(28) =(29) >(30) ?(31)
@(32) A(33) B(34) C(35) D(36) E(37) F(38) G(39)
H(40) I(41) J(42) K(43) L(44) M(45) N(46) O(47)
P(48) Q(49) R(50) S(51) T(52) U(53) V(54) W(55)
X(56) Y(57) Z(58) [(59) \(60) ](61) ^(62) _(63)
`(64) a(65) b(66) c(67) d(68) e(69) f(70) g(71)
h(72) i(73) j(74) k(75) l(76) m(77) n(78) o(79)
p(80) q(81) r(82) s(83) t(84) u(85) v(86) w(87)
x(88) y(89) z(90) {(91) |(92) }(93) ~(94)
--------------------------------------------------------------
字体:	  GulimChe12 8*16字体
取码规则: 低位在前, 列行扫描, 阴码(1-亮, 0-灭)
查表方法: 要显示的ASCII码-32就可以得到字库码的指针 */
const unsigned char Font_code16[][16] = {
    {0x00, 0x00, 0x00, 0x00, 0x00, 0x00, 0x00, 0x00, 0x00, 0x00, 0x00, 0x00, 0x00, 0x00, 0x00, 0x00}, // (0)
    {0x00, 0x00, 0x10, 0x10, 0x10, 0x10, 0x10, 0x10, 0x10, 0x10, 0x00, 0x00, 0x10, 0x10, 0x00, 0x00}, //!(1)
    {0x00, 0x00, 0x24, 0x24, 0x24, 0x24, 0x00, 0x00, 0x00, 0x00, 0x00, 0x00, 0x00, 0x00, 0x00, 0x00}, //"(3)
    {0x00, 0x00, 0x48, 0x48, 0x48, 0xFE, 0x24, 0x24, 0x24, 0x24, 0x24, 0x7F, 0x12, 0x12, 0x12, 0x00}, // #(4)
    {0x00, 0x10, 0x7C, 0x92, 0x92, 0x12, 0x14, 0x18, 0x30, 0x50, 0x90, 0x92, 0x92, 0x7C, 0x10, 0x00}, //$(5)
    {0x00, 0x00, 0x8C, 0x92, 0x52, 0x32, 0x2C, 0x10, 0x08, 0x68, 0x94, 0x92, 0x92, 0x60, 0x00, 0x00}, //%(6)
    {0x00, 0x00, 0x18, 0x24, 0x24, 0x24, 0x18, 0x98, 0xA4, 0xA2, 0x42, 0x42, 0xA2, 0x9C, 0x00, 0x00}, //&(7)
    {0x00, 0x00, 0x10, 0x10, 0x10, 0x10, 0x00, 0x00, 0x00, 0x00, 0x00, 0x00, 0x00, 0x00, 0x00, 0x00}, //'(8)
    {0x00, 0x20, 0x10, 0x08, 0x08, 0x04, 0x04, 0x04, 0x04, 0x04, 0x04, 0x08, 0x08, 0x10, 0x20, 0x00}, //((9)
    {0x00, 0x04, 0x08, 0x10, 0x10, 0x20, 0x20, 0x20, 0x20, 0x20, 0x20, 0x10, 0x10, 0x08, 0x04, 0x00}, //)(10)
    {0x00, 0x00, 0x00, 0x00, 0x00, 0x08, 0x2A, 0x1C, 0x14, 0x22, 0x00, 0x00, 0x00, 0x00, 0x00, 0x00}, //*(11)
    {0x00, 0x00, 0x00, 0x00, 0x10, 0x10, 0x10, 0xFE, 0x10, 0x10, 0x10, 0x00, 0x00, 0x00, 0x00, 0x00}, //+(12)
    {0x00, 0x00, 0x00, 0x00, 0x00, 0x00, 0x00, 0x00, 0x00, 0x00, 0x00, 0x00, 0x10, 0x10, 0x08, 0x00}, //,(13)
    {0x00, 0x00, 0x00, 0x00, 0x00, 0x00, 0x00, 0xFE, 0x00, 0x00, 0x00, 0x00, 0x00, 0x00, 0x00, 0x00}, //-(14)
    {0x00, 0x00, 0x00, 0x00, 0x00, 0x00, 0x00, 0x00, 0x00, 0x00, 0x00, 0x00, 0x10, 0x10, 0x00, 0x00}, //.(15)
    {0x00, 0x00, 0x40, 0x40, 0x20, 0x20, 0x10, 0x10, 0x08, 0x08, 0x04, 0x04, 0x02, 0x02, 0x00, 0x00}, ///(16)
    {0x00, 0x00, 0x38, 0x44, 0x82, 0x82, 0x82, 0x82, 0x82, 0x82, 0x82, 0x82, 0x44, 0x38, 0x00, 0x00}, // 0(17)
    {0x00, 0x00, 0x10, 0x1C, 0x10, 0x10, 0x10, 0x10, 0x10, 0x10, 0x10, 0x10, 0x10, 0x10, 0x00, 0x00},
    {0x00, 0x00, 0x3C, 0x42, 0x42, 0x40, 0x40, 0x20, 0x10, 0x08, 0x04, 0x02, 0x02, 0x7E, 0x00, 0x00},
    {0x00, 0x00, 0x3C, 0x42, 0x42, 0x40, 0x40, 0x3C, 0x40, 0x40, 0x40, 0x42, 0x42, 0x3C, 0x00, 0x00},
    {0x00, 0x00, 0x60, 0x60, 0x50, 0x50, 0x48, 0x48, 0x44, 0x44, 0xFE, 0x40, 0x40, 0x40, 0x00, 0x00},
    {0x00, 0x00, 0x7E, 0x02, 0x02, 0x02, 0x3E, 0x42, 0x40, 0x40, 0x40, 0x42, 0x42, 0x3C, 0x00, 0x00},
    {0x00, 0x00, 0x3C, 0x42, 0x42, 0x02, 0x02, 0x3E, 0x42, 0x42, 0x42, 0x42, 0x42, 0x3C, 0x00, 0x00},
    {0x00, 0x00, 0x7E, 0x40, 0x20, 0x20, 0x10, 0x10, 0x10, 0x08, 0x08, 0x08, 0x08, 0x08, 0x00, 0x00},
    {0x00, 0x00, 0x3C, 0x42, 0x42, 0x42, 0x42, 0x3C, 0x42, 0x42, 0x42, 0x42, 0x42, 0x3C, 0x00, 0x00},
    {0x00, 0x00, 0x3C, 0x42, 0x42, 0x42, 0x42, 0x42, 0x7C, 0x40, 0x40, 0x42, 0x42, 0x3C, 0x00, 0x00}, // 9(25)
    {0x00, 0x00, 0x00, 0x00, 0x08, 0x08, 0x00, 0x00, 0x00, 0x00, 0x08, 0x08, 0x00, 0x00, 0x00, 0x00}, //:(26)
    {0x00, 0x00, 0x00, 0x00, 0x10, 0x10, 0x00, 0x00, 0x00, 0x00, 0x10, 0x10, 0x10, 0x08, 0x00, 0x00}, //;(27)
    {0x00, 0x00, 0x00, 0x40, 0x30, 0x08, 0x06, 0x01, 0x06, 0x08, 0x30, 0x40, 0x00, 0x00, 0x00, 0x00}, //<(28)
    {0x00, 0x00, 0x00, 0x00, 0x00, 0x00, 0xFE, 0x00, 0x00, 0xFE, 0x00, 0x00, 0x00, 0x00, 0x00, 0x00}, //=(29)
    {0x00, 0x00, 0x00, 0x02, 0x0C, 0x10, 0x60, 0x80, 0x60, 0x10, 0x0C, 0x02, 0x00, 0x00, 0x00, 0x00}, //>(30)
    {0x00, 0x00, 0x38, 0x44, 0x82, 0x82, 0x40, 0x20, 0x10, 0x10, 0x10, 0x00, 0x10, 0x10, 0x00, 0x00}, //?(31)
    {0x00, 0x00, 0x38, 0x44, 0x82, 0xB2, 0xAA, 0xAA, 0xAA, 0xAA, 0xD2, 0x02, 0x84, 0x78, 0x00, 0x00}, //@(32)
    {0x00, 0x00, 0x10, 0x10, 0x10, 0x28, 0x28, 0x28, 0x44, 0x44, 0x7C, 0x82, 0x82, 0x82, 0x00, 0x00}, // A(33)
    {0x00, 0x00, 0x3E, 0x42, 0x82, 0x82, 0x42, 0x3E, 0x42, 0x82, 0x82, 0x82, 0x42, 0x3E, 0x00, 0x00},
    {0x00, 0x00, 0x38, 0x44, 0x82, 0x82, 0x02, 0x02, 0x02, 0x02, 0x82, 0x82, 0x44, 0x38, 0x00, 0x00},
    {0x00, 0x00, 0x3E, 0x42, 0x42, 0x82, 0x82, 0x82, 0x82, 0x82, 0x82, 0x42, 0x42, 0x3E, 0x00, 0x00},
    {0x00, 0x00, 0xFE, 0x02, 0x02, 0x02, 0x02, 0x7E, 0x02, 0x02, 0x02, 0x02, 0x02, 0xFE, 0x00, 0x00},
    {0x00, 0x00, 0xFE, 0x02, 0x02, 0x02, 0x02, 0x7E, 0x02, 0x02, 0x02, 0x02, 0x02, 0x02, 0x00, 0x00},
    {0x00, 0x00, 0x38, 0x44, 0x82, 0x02, 0x02, 0x02, 0xE2, 0x82, 0x82, 0x82, 0xC4, 0xB8, 0x00, 0x00},
    {0x00, 0x00, 0x82, 0x82, 0x82, 0x82, 0x82, 0xFE, 0x82, 0x82, 0x82, 0x82, 0x82, 0x82, 0x00, 0x00},
    {0x00, 0x00, 0x10, 0x10, 0x10, 0x10, 0x10, 0x10, 0x10, 0x10, 0x10, 0x10, 0x10, 0x10, 0x00, 0x00},
    {0x00, 0x00, 0x20, 0x20, 0x20, 0x20, 0x20, 0x20, 0x20, 0x20, 0x20, 0x22, 0x22, 0x1C, 0x00, 0x00},
    {0x00, 0x00, 0x82, 0x42, 0x22, 0x12, 0x0A, 0x06, 0x06, 0x0A, 0x12, 0x22, 0x42, 0x82, 0x00, 0x00},
    {0x00, 0x00, 0x02, 0x02, 0x02, 0x02, 0x02, 0x02, 0x02, 0x02, 0x02, 0x02, 0x02, 0x7E, 0x00, 0x00},
    {0x00, 0x00, 0x82, 0x82, 0xC6, 0xC6, 0xAA, 0xAA, 0x92, 0x92, 0x92, 0x82, 0x82, 0x82, 0x00, 0x00},
    {0x00, 0x00, 0x82, 0x86, 0x86, 0x8A, 0x8A, 0x92, 0x92, 0xA2, 0xA2, 0xC2, 0xC2, 0x82, 0x00, 0x00},
    {0x00, 0x00, 0x38, 0x44, 0x82, 0x82, 0x82, 0x82, 0x82, 0x82, 0x82, 0x82, 0x44, 0x38, 0x00, 0x00},
    {0x00, 0x00, 0x3E, 0x42, 0x82, 0x82, 0x82, 0x42, 0x3E, 0x02, 0x02, 0x02, 0x02, 0x02, 0x00, 0x00},
    {0x00, 0x00, 0x38, 0x44, 0x82, 0x82, 0x82, 0x82, 0x82, 0x82, 0x82, 0xA2, 0x44, 0xB8, 0x00, 0x00},
    {0x00, 0x00, 0x3E, 0x42, 0x82, 0x82, 0x82, 0x42, 0x3E, 0x42, 0x82, 0x82, 0x82, 0x82, 0x00, 0x00},
    {0x00, 0x00, 0x7C, 0x82, 0x82, 0x02, 0x04, 0x18, 0x20, 0x40, 0x80, 0x82, 0x82, 0x7C, 0x00, 0x00},
    {0x00, 0x00, 0xFE, 0x10, 0x10, 0x10, 0x10, 0x10, 0x10, 0x10, 0x10, 0x10, 0x10, 0x10, 0x00, 0x00},
    {0x00, 0x00, 0x82, 0x82, 0x82, 0x82, 0x82, 0x82, 0x82, 0x82, 0x82, 0x82, 0x82, 0x7C, 0x00, 0x00},
    {0x00, 0x00, 0x82, 0x82, 0x82, 0x44, 0x44, 0x44, 0x28, 0x28, 0x28, 0x10, 0x10, 0x10, 0x00, 0x00},
    {0x00, 0x00, 0x92, 0x92, 0x92, 0x92, 0x92, 0xAA, 0xAA, 0xAA, 0x44, 0x44, 0x44, 0x44, 0x00, 0x00},
    {0x00, 0x00, 0x82, 0x82, 0x44, 0x44, 0x28, 0x10, 0x28, 0x28, 0x44, 0x44, 0x82, 0x82, 0x00, 0x00},
    {0x00, 0x00, 0x82, 0x82, 0x44, 0x44, 0x28, 0x28, 0x10, 0x10, 0x10, 0x10, 0x10, 0x10, 0x00, 0x00},
    {0x00, 0x00, 0x7E, 0x40, 0x20, 0x20, 0x10, 0x10, 0x08, 0x08, 0x04, 0x04, 0x02, 0x7E, 0x00, 0x00},
    {0x00, 0x78, 0x08, 0x08, 0x08, 0x08, 0x08, 0x08, 0x08, 0x08, 0x08, 0x08, 0x08, 0x08, 0x78, 0x00},
    {0x00, 0x00, 0x92, 0x92, 0x92, 0xFF, 0x92, 0xAA, 0xAA, 0xAA, 0x44, 0x44, 0x44, 0x44, 0x00, 0x00},
    {0x00, 0x1E, 0x10, 0x10, 0x10, 0x10, 0x10, 0x10, 0x10, 0x10, 0x10, 0x10, 0x10, 0x10, 0x1E, 0x00},
    {0x00, 0x10, 0x28, 0x44, 0x00, 0x00, 0x00, 0x00, 0x00, 0x00, 0x00, 0x00, 0x00, 0x00, 0x00, 0x00},
    {0x00, 0x00, 0x00, 0x00, 0x00, 0x00, 0x00, 0x00, 0x00, 0x00, 0x00, 0x00, 0x00, 0x00, 0xFE, 0x00},
    {0x00, 0x04, 0x08, 0x10, 0x00, 0x00, 0x00, 0x00, 0x00, 0x00, 0x00, 0x00, 0x00, 0x00, 0x00, 0x00},
    {0x00, 0x00, 0x00, 0x00, 0x00, 0x00, 0x3C, 0x42, 0x40, 0x7C, 0x42, 0x42, 0x42, 0xBC, 0x00, 0x00},
    {0x00, 0x00, 0x02, 0x02, 0x02, 0x02, 0x3A, 0x46, 0x82, 0x82, 0x82, 0x82, 0x46, 0x3A, 0x00, 0x00},
    {0x00, 0x00, 0x00, 0x00, 0x00, 0x00, 0x78, 0x84, 0x02, 0x02, 0x02, 0x02, 0x84, 0x78, 0x00, 0x00},
    {0x00, 0x00, 0x80, 0x80, 0x80, 0x80, 0xB8, 0xC4, 0x82, 0x82, 0x82, 0x82, 0xC4, 0xB8, 0x00, 0x00},
    {0x00, 0x00, 0x00, 0x00, 0x00, 0x00, 0x38, 0x44, 0x82, 0xFE, 0x02, 0x02, 0x84, 0x78, 0x00, 0x00},
    {0x00, 0x00, 0x70, 0x08, 0x08, 0x08, 0x7E, 0x08, 0x08, 0x08, 0x08, 0x08, 0x08, 0x08, 0x00, 0x00},
    {0x00, 0x00, 0x00, 0x00, 0x00, 0x00, 0x58, 0x64, 0x42, 0x42, 0x42, 0x64, 0x58, 0x42, 0x3C, 0x00},
    {0x00, 0x00, 0x02, 0x02, 0x02, 0x02, 0x3A, 0x46, 0x42, 0x42, 0x42, 0x42, 0x42, 0x42, 0x00, 0x00},
    {0x00, 0x00, 0x10, 0x10, 0x00, 0x00, 0x10, 0x10, 0x10, 0x10, 0x10, 0x10, 0x10, 0x10, 0x00, 0x00},
    {0x00, 0x00, 0x10, 0x10, 0x00, 0x00, 0x10, 0x10, 0x10, 0x10, 0x10, 0x10, 0x10, 0x10, 0x0C, 0x00},
    {0x00, 0x00, 0x02, 0x02, 0x02, 0x42, 0x22, 0x12, 0x0A, 0x06, 0x0A, 0x12, 0x22, 0x42, 0x00, 0x00},
    {0x00, 0x00, 0x10, 0x10, 0x10, 0x10, 0x10, 0x10, 0x10, 0x10, 0x10, 0x10, 0x10, 0x10, 0x00, 0x00},
    {0x00, 0x00, 0x00, 0x00, 0x00, 0x00, 0x6E, 0x92, 0x92, 0x92, 0x92, 0x92, 0x92, 0x92, 0x00, 0x00},
    {0x00, 0x00, 0x00, 0x00, 0x00, 0x00, 0x3A, 0x46, 0x42, 0x42, 0x42, 0x42, 0x42, 0x42, 0x00, 0x00},
    {0x00, 0x00, 0x00, 0x00, 0x00, 0x00, 0x38, 0x44, 0x82, 0x82, 0x82, 0x82, 0x44, 0x38, 0x00, 0x00},
    {0x00, 0x00, 0x00, 0x00, 0x00, 0x00, 0x3A, 0x46, 0x82, 0x82, 0x82, 0x46, 0x3A, 0x02, 0x02, 0x00},
    {0x00, 0x00, 0x00, 0x00, 0x00, 0x00, 0xB8, 0xC4, 0x82, 0x82, 0x82, 0xC4, 0xB8, 0x80, 0x80, 0x00},
    {0x00, 0x00, 0x00, 0x00, 0x00, 0x00, 0x74, 0x0C, 0x04, 0x04, 0x04, 0x04, 0x04, 0x04, 0x00, 0x00},
    {0x00, 0x00, 0x00, 0x00, 0x00, 0x00, 0x3C, 0x42, 0x02, 0x0C, 0x30, 0x40, 0x42, 0x3C, 0x00, 0x00},
    {0x00, 0x00, 0x08, 0x08, 0x08, 0x08, 0x7E, 0x08, 0x08, 0x08, 0x08, 0x08, 0x08, 0x70, 0x00, 0x00},
    {0x00, 0x00, 0x00, 0x00, 0x00, 0x00, 0x42, 0x42, 0x42, 0x42, 0x42, 0x42, 0x42, 0x7C, 0x00, 0x00},
    {0x00, 0x00, 0x00, 0x00, 0x00, 0x00, 0x82, 0x82, 0x44, 0x44, 0x28, 0x28, 0x10, 0x10, 0x00, 0x00},
    {0x00, 0x00, 0x00, 0x00, 0x00, 0x00, 0x82, 0x92, 0x92, 0x92, 0xAA, 0x6C, 0x44, 0x44, 0x00, 0x00},
    {0x00, 0x00, 0x00, 0x00, 0x00, 0x00, 0x82, 0x44, 0x28, 0x10, 0x10, 0x28, 0x44, 0x82, 0x00, 0x00},
    {0x00, 0x00, 0x00, 0x00, 0x00, 0x00, 0x82, 0x82, 0x44, 0x44, 0x28, 0x28, 0x10, 0x10, 0x0E, 0x00},
    {0x00, 0x00, 0x00, 0x00, 0x00, 0x00, 0x7E, 0x40, 0x20, 0x10, 0x08, 0x04, 0x02, 0x7E, 0x00, 0x00},
    {0x00, 0x60, 0x10, 0x10, 0x10, 0x10, 0x10, 0x0C, 0x10, 0x10, 0x10, 0x10, 0x10, 0x10, 0x60, 0x00},
    {0x00, 0x10, 0x10, 0x10, 0x10, 0x10, 0x10, 0x10, 0x10, 0x10, 0x10, 0x10, 0x10, 0x10, 0x10, 0x00},
    {0x00, 0x06, 0x08, 0x08, 0x08, 0x08, 0x08, 0x30, 0x08, 0x08, 0x08, 0x08, 0x08, 0x08, 0x06, 0x00},
    {0x00, 0x00, 0x00, 0x00, 0x00, 0x00, 0x8C, 0x72, 0x00, 0x00, 0x00, 0x00, 0x00, 0x00, 0x00, 0x00},
};

///////////////////////////////////////////////////////////////////////////////
/** 6*12字体 */
const unsigned char ascii_1206[][12] = {
    {0x00, 0x00, 0x00, 0x00, 0x00, 0x00, 0x00, 0x00, 0x00, 0x00, 0x00, 0x00}, /*" ",0*/
    {0x00, 0x00, 0x04, 0x04, 0x04, 0x04, 0x04, 0x00, 0x00, 0x04, 0x00, 0x00}, /*"!",1*/
    {0x14, 0x14, 0x0A, 0x00, 0x00, 0x00, 0x00, 0x00, 0x00, 0x00, 0x00, 0x00}, /*""",2*/
    {0x00, 0x00, 0x0A, 0x0A, 0x1F, 0x0A, 0x0A, 0x1F, 0x0A, 0x0A, 0x00, 0x00}, /*"#",3*/
    {0x00, 0x04, 0x0E, 0x15, 0x05, 0x06, 0x0C, 0x14, 0x15, 0x0E, 0x04, 0x00}, /*"$",4*/
    {0x00, 0x00, 0x12, 0x15, 0x0D, 0x15, 0x2E, 0x2C, 0x2A, 0x12, 0x00, 0x00}, /*"%",5*/
    {0x00, 0x00, 0x04, 0x0A, 0x0A, 0x36, 0x15, 0x15, 0x29, 0x16, 0x00, 0x00}, /*"&",6*/
    {0x02, 0x02, 0x01, 0x00, 0x00, 0x00, 0x00, 0x00, 0x00, 0x00, 0x00, 0x00}, /*"'",7*/
    {0x10, 0x08, 0x08, 0x04, 0x04, 0x04, 0x04, 0x04, 0x08, 0x08, 0x10, 0x00}, /*"(",8*/
    {0x02, 0x04, 0x04, 0x08, 0x08, 0x08, 0x08, 0x08, 0x04, 0x04, 0x02, 0x00}, /*")",9*/
    {0x00, 0x00, 0x00, 0x04, 0x15, 0x0E, 0x0E, 0x15, 0x04, 0x00, 0x00, 0x00}, /*"*",10*/
    {0x00, 0x00, 0x00, 0x08, 0x08, 0x3E, 0x08, 0x08, 0x00, 0x00, 0x00, 0x00}, /*"+",11*/
    {0x00, 0x00, 0x00, 0x00, 0x00, 0x00, 0x00, 0x00, 0x02, 0x02, 0x01, 0x00}, /*",",12*/
    {0x00, 0x00, 0x00, 0x00, 0x00, 0x3F, 0x00, 0x00, 0x00, 0x00, 0x00, 0x00}, /*"-",13*/
    {0x00, 0x00, 0x00, 0x00, 0x00, 0x00, 0x00, 0x00, 0x00, 0x02, 0x00, 0x00}, /*".",14*/
    {0x00, 0x20, 0x10, 0x10, 0x08, 0x08, 0x04, 0x04, 0x02, 0x02, 0x01, 0x00}, /*"/",15*/
    {0x00, 0x00, 0x0E, 0x11, 0x11, 0x11, 0x11, 0x11, 0x11, 0x0E, 0x00, 0x00}, /*"0",16*/
    {0x00, 0x00, 0x04, 0x06, 0x04, 0x04, 0x04, 0x04, 0x04, 0x0E, 0x00, 0x00}, /*"1",17*/
    {0x00, 0x00, 0x0E, 0x11, 0x11, 0x08, 0x04, 0x02, 0x01, 0x1F, 0x00, 0x00}, /*"2",18*/
    {0x00, 0x00, 0x0E, 0x11, 0x10, 0x0C, 0x10, 0x10, 0x11, 0x0E, 0x00, 0x00}, /*"3",19*/
    {0x00, 0x00, 0x08, 0x0C, 0x0C, 0x0A, 0x09, 0x1F, 0x08, 0x1C, 0x00, 0x00}, /*"4",20*/
    {0x00, 0x00, 0x1F, 0x01, 0x01, 0x0F, 0x11, 0x10, 0x11, 0x0E, 0x00, 0x00}, /*"5",21*/
    {0x00, 0x00, 0x0C, 0x12, 0x01, 0x0D, 0x13, 0x11, 0x11, 0x0E, 0x00, 0x00}, /*"6",22*/
    {0x00, 0x00, 0x1E, 0x10, 0x08, 0x08, 0x04, 0x04, 0x04, 0x04, 0x00, 0x00}, /*"7",23*/
    {0x00, 0x00, 0x0E, 0x11, 0x11, 0x0E, 0x11, 0x11, 0x11, 0x0E, 0x00, 0x00}, /*"8",24*/
    {0x00, 0x00, 0x0E, 0x11, 0x11, 0x19, 0x16, 0x10, 0x09, 0x06, 0x00, 0x00}, /*"9",25*/
    {0x00, 0x00, 0x00, 0x00, 0x04, 0x00, 0x00, 0x00, 0x00, 0x04, 0x00, 0x00}, /*":",26*/
    {0x00, 0x00, 0x00, 0x00, 0x00, 0x04, 0x00, 0x00, 0x00, 0x04, 0x04, 0x00}, /*";",27*/
    {0x00, 0x00, 0x10, 0x08, 0x04, 0x02, 0x02, 0x04, 0x08, 0x10, 0x00, 0x00}, /*"<",28*/
    {0x00, 0x00, 0x00, 0x00, 0x3F, 0x00, 0x3F, 0x00, 0x00, 0x00, 0x00, 0x00}, /*"=",29*/
    {0x00, 0x00, 0x02, 0x04, 0x08, 0x10, 0x10, 0x08, 0x04, 0x02, 0x00, 0x00}, /*">",30*/
    {0x00, 0x00, 0x0E, 0x11, 0x11, 0x08, 0x04, 0x04, 0x00, 0x04, 0x00, 0x00}, /*"?",31*/
    {0x00, 0x00, 0x1C, 0x22, 0x29, 0x2D, 0x2D, 0x1D, 0x22, 0x1C, 0x00, 0x00}, /*"@",32*/
    {0x00, 0x00, 0x04, 0x04, 0x0C, 0x0A, 0x0A, 0x1E, 0x12, 0x33, 0x00, 0x00}, /*"A",33*/
    {0x00, 0x00, 0x0F, 0x12, 0x12, 0x0E, 0x12, 0x12, 0x12, 0x0F, 0x00, 0x00}, /*"B",34*/
    {0x00, 0x00, 0x1E, 0x11, 0x01, 0x01, 0x01, 0x01, 0x11, 0x0E, 0x00, 0x00}, /*"C",35*/
    {0x00, 0x00, 0x0F, 0x12, 0x12, 0x12, 0x12, 0x12, 0x12, 0x0F, 0x00, 0x00}, /*"D",36*/
    {0x00, 0x00, 0x1F, 0x12, 0x0A, 0x0E, 0x0A, 0x02, 0x12, 0x1F, 0x00, 0x00}, /*"E",37*/
    {0x00, 0x00, 0x1F, 0x12, 0x0A, 0x0E, 0x0A, 0x02, 0x02, 0x07, 0x00, 0x00}, /*"F",38*/
    {0x00, 0x00, 0x1C, 0x12, 0x01, 0x01, 0x39, 0x11, 0x12, 0x0C, 0x00, 0x00}, /*"G",39*/
    {0x00, 0x00, 0x33, 0x12, 0x12, 0x1E, 0x12, 0x12, 0x12, 0x33, 0x00, 0x00}, /*"H",40*/
    {0x00, 0x00, 0x1F, 0x04, 0x04, 0x04, 0x04, 0x04, 0x04, 0x1F, 0x00, 0x00}, /*"I",41*/
    {0x00, 0x00, 0x3E, 0x08, 0x08, 0x08, 0x08, 0x08, 0x08, 0x08, 0x09, 0x07}, /*"J",42*/
    {0x00, 0x00, 0x37, 0x12, 0x0A, 0x06, 0x0A, 0x12, 0x12, 0x37, 0x00, 0x00}, /*"K",43*/
    {0x00, 0x00, 0x07, 0x02, 0x02, 0x02, 0x02, 0x02, 0x22, 0x3F, 0x00, 0x00}, /*"L",44*/
    {0x00, 0x00, 0x3B, 0x1B, 0x1B, 0x1B, 0x15, 0x15, 0x15, 0x35, 0x00, 0x00}, /*"M",45*/
    {0x00, 0x00, 0x3B, 0x12, 0x16, 0x16, 0x1A, 0x1A, 0x12, 0x17, 0x00, 0x00}, /*"N",46*/
    {0x00, 0x00, 0x0E, 0x11, 0x11, 0x11, 0x11, 0x11, 0x11, 0x0E, 0x00, 0x00}, /*"O",47*/
    {0x00, 0x00, 0x0F, 0x12, 0x12, 0x0E, 0x02, 0x02, 0x02, 0x07, 0x00, 0x00}, /*"P",48*/
    {0x00, 0x00, 0x0E, 0x11, 0x11, 0x11, 0x11, 0x17, 0x19, 0x0E, 0x18, 0x00}, /*"Q",49*/
    {0x00, 0x00, 0x0F, 0x12, 0x12, 0x0E, 0x0A, 0x12, 0x12, 0x37, 0x00, 0x00}, /*"R",50*/
    {0x00, 0x00, 0x1E, 0x11, 0x01, 0x06, 0x08, 0x10, 0x11, 0x0F, 0x00, 0x00}, /*"S",51*/
    {0x00, 0x00, 0x1F, 0x15, 0x04, 0x04, 0x04, 0x04, 0x04, 0x0E, 0x00, 0x00}, /*"T",52*/
    {0x00, 0x00, 0x33, 0x12, 0x12, 0x12, 0x12, 0x12, 0x12, 0x0C, 0x00, 0x00}, /*"U",53*/
    {0x00, 0x00, 0x33, 0x12, 0x12, 0x0A, 0x0A, 0x0C, 0x04, 0x04, 0x00, 0x00}, /*"V",54*/
    {0x00, 0x00, 0x15, 0x15, 0x15, 0x15, 0x0E, 0x0A, 0x0A, 0x0A, 0x00, 0x00}, /*"W",55*/
    {0x00, 0x00, 0x1B, 0x0A, 0x0A, 0x04, 0x04, 0x0A, 0x0A, 0x1B, 0x00, 0x00}, /*"X",56*/
    {0x00, 0x00, 0x1B, 0x0A, 0x0A, 0x0A, 0x04, 0x04, 0x04, 0x0E, 0x00, 0x00}, /*"Y",57*/
    {0x00, 0x00, 0x1F, 0x09, 0x08, 0x04, 0x04, 0x02, 0x12, 0x1F, 0x00, 0x00}, /*"Z",58*/
    {0x1C, 0x04, 0x04, 0x04, 0x04, 0x04, 0x04, 0x04, 0x04, 0x04, 0x1C, 0x00}, /*"[",59*/
    {0x00, 0x02, 0x02, 0x04, 0x04, 0x04, 0x08, 0x08, 0x08, 0x10, 0x10, 0x00}, /*"\",60*/
    {0x0E, 0x08, 0x08, 0x08, 0x08, 0x08, 0x08, 0x08, 0x08, 0x08, 0x0E, 0x00}, /*"]",61*/
    {0x04, 0x0A, 0x00, 0x00, 0x00, 0x00, 0x00, 0x00, 0x00, 0x00, 0x00, 0x00}, /*"^",62*/
    {0x00, 0x00, 0x00, 0x00, 0x00, 0x00, 0x00, 0x00, 0x00, 0x00, 0x00, 0x3F}, /*"_",63*/
    {0x02, 0x04, 0x00, 0x00, 0x00, 0x00, 0x00, 0x00, 0x00, 0x00, 0x00, 0x00}, /*"`",64*/
    {0x00, 0x00, 0x00, 0x00, 0x00, 0x0C, 0x12, 0x1C, 0x12, 0x3C, 0x00, 0x00}, /*"a",65*/
    {0x00, 0x03, 0x02, 0x02, 0x02, 0x0E, 0x12, 0x12, 0x12, 0x0E, 0x00, 0x00}, /*"b",66*/
    {0x00, 0x00, 0x00, 0x00, 0x00, 0x1C, 0x12, 0x02, 0x12, 0x0C, 0x00, 0x00}, /*"c",67*/
    {0x00, 0x18, 0x10, 0x10, 0x10, 0x1C, 0x12, 0x12, 0x12, 0x3C, 0x00, 0x00}, /*"d",68*/
    {0x00, 0x00, 0x00, 0x00, 0x00, 0x0C, 0x12, 0x1E, 0x02, 0x1C, 0x00, 0x00}, /*"e",69*/
    {0x00, 0x18, 0x24, 0x04, 0x04, 0x1E, 0x04, 0x04, 0x04, 0x1E, 0x00, 0x00}, /*"f",70*/
    {0x00, 0x00, 0x00, 0x00, 0x00, 0x3C, 0x12, 0x0C, 0x02, 0x1C, 0x22, 0x1C}, /*"g",71*/
    {0x00, 0x03, 0x02, 0x02, 0x02, 0x0E, 0x12, 0x12, 0x12, 0x37, 0x00, 0x00}, /*"h",72*/
    {0x00, 0x04, 0x04, 0x00, 0x00, 0x06, 0x04, 0x04, 0x04, 0x0E, 0x00, 0x00}, /*"i",73*/
    {0x00, 0x08, 0x08, 0x00, 0x00, 0x0C, 0x08, 0x08, 0x08, 0x08, 0x08, 0x07}, /*"j",74*/
    {0x00, 0x03, 0x02, 0x02, 0x02, 0x1A, 0x0A, 0x06, 0x0A, 0x13, 0x00, 0x00}, /*"k",75*/
    {0x00, 0x07, 0x04, 0x04, 0x04, 0x04, 0x04, 0x04, 0x04, 0x1F, 0x00, 0x00}, /*"l",76*/
    {0x00, 0x00, 0x00, 0x00, 0x00, 0x0F, 0x15, 0x15, 0x15, 0x15, 0x00, 0x00}, /*"m",77*/
    {0x00, 0x00, 0x00, 0x00, 0x00, 0x0F, 0x12, 0x12, 0x12, 0x37, 0x00, 0x00}, /*"n",78*/
    {0x00, 0x00, 0x00, 0x00, 0x00, 0x0C, 0x12, 0x12, 0x12, 0x0C, 0x00, 0x00}, /*"o",79*/
    {0x00, 0x00, 0x00, 0x00, 0x00, 0x0F, 0x12, 0x12, 0x12, 0x0E, 0x02, 0x07}, /*"p",80*/
    {0x00, 0x00, 0x00, 0x00, 0x00, 0x1C, 0x12, 0x12, 0x12, 0x1C, 0x10, 0x38}, /*"q",81*/
    {0x00, 0x00, 0x00, 0x00, 0x00, 0x1B, 0x06, 0x02, 0x02, 0x07, 0x00, 0x00}, /*"r",82*/
    {0x00, 0x00, 0x00, 0x00, 0x00, 0x1E, 0x02, 0x0C, 0x10, 0x1E, 0x00, 0x00}, /*"s",83*/
    {0x00, 0x00, 0x00, 0x04, 0x04, 0x1E, 0x04, 0x04, 0x04, 0x1C, 0x00, 0x00}, /*"t",84*/
    {0x00, 0x00, 0x00, 0x00, 0x00, 0x1B, 0x12, 0x12, 0x12, 0x3C, 0x00, 0x00}, /*"u",85*/
    {0x00, 0x00, 0x00, 0x00, 0x00, 0x1B, 0x0A, 0x0A, 0x04, 0x04, 0x00, 0x00}, /*"v",86*/
    {0x00, 0x00, 0x00, 0x00, 0x00, 0x15, 0x15, 0x0E, 0x0A, 0x0A, 0x00, 0x00}, /*"w",87*/
    {0x00, 0x00, 0x00, 0x00, 0x00, 0x1B, 0x0A, 0x04, 0x0A, 0x1B, 0x00, 0x00}, /*"x",88*/
    {0x00, 0x00, 0x00, 0x00, 0x00, 0x33, 0x12, 0x12, 0x0C, 0x08, 0x04, 0x03}, /*"y",89*/
    {0x00, 0x00, 0x00, 0x00, 0x00, 0x1E, 0x08, 0x04, 0x04, 0x1E, 0x00, 0x00}, /*"z",90*/
    {0x18, 0x08, 0x08, 0x08, 0x08, 0x0C, 0x08, 0x08, 0x08, 0x08, 0x18, 0x00}, /*"{",91*/
    {0x08, 0x08, 0x08, 0x08, 0x08, 0x08, 0x08, 0x08, 0x08, 0x08, 0x08, 0x08}, /*"|",92*/
    {0x06, 0x04, 0x04, 0x04, 0x04, 0x08, 0x04, 0x04, 0x04, 0x04, 0x06, 0x00}, /*"}",93*/
    {0x16, 0x09, 0x00, 0x00, 0x00, 0x00, 0x00, 0x00, 0x00, 0x00, 0x00, 0x00}, /*"~",94*/
};

/** 8*16字体 */
const unsigned char ascii_1608[][16] = {
    {0x00, 0x00, 0x00, 0x00, 0x00, 0x00, 0x00, 0x00, 0x00, 0x00, 0x00, 0x00, 0x00, 0x00, 0x00, 0x00}, /*" ",0*/
    {0x00, 0x00, 0x00, 0x08, 0x08, 0x08, 0x08, 0x08, 0x08, 0x08, 0x00, 0x00, 0x18, 0x18, 0x00, 0x00}, /*"!",1*/
    {0x00, 0x48, 0x6C, 0x24, 0x12, 0x00, 0x00, 0x00, 0x00, 0x00, 0x00, 0x00, 0x00, 0x00, 0x00, 0x00}, /*""",2*/
    {0x00, 0x00, 0x00, 0x24, 0x24, 0x24, 0x7F, 0x12, 0x12, 0x12, 0x7F, 0x12, 0x12, 0x12, 0x00, 0x00}, /*"#",3*/
    {0x00, 0x00, 0x08, 0x1C, 0x2A, 0x2A, 0x0A, 0x0C, 0x18, 0x28, 0x28, 0x2A, 0x2A, 0x1C, 0x08, 0x08}, /*"$",4*/
    {0x00, 0x00, 0x00, 0x22, 0x25, 0x15, 0x15, 0x15, 0x2A, 0x58, 0x54, 0x54, 0x54, 0x22, 0x00, 0x00}, /*"%",5*/
    {0x00, 0x00, 0x00, 0x0C, 0x12, 0x12, 0x12, 0x0A, 0x76, 0x25, 0x29, 0x11, 0x91, 0x6E, 0x00, 0x00}, /*"&",6*/
    {0x00, 0x06, 0x06, 0x04, 0x03, 0x00, 0x00, 0x00, 0x00, 0x00, 0x00, 0x00, 0x00, 0x00, 0x00, 0x00}, /*"'",7*/
    {0x00, 0x40, 0x20, 0x10, 0x10, 0x08, 0x08, 0x08, 0x08, 0x08, 0x08, 0x10, 0x10, 0x20, 0x40, 0x00}, /*"(",8*/
    {0x00, 0x02, 0x04, 0x08, 0x08, 0x10, 0x10, 0x10, 0x10, 0x10, 0x10, 0x08, 0x08, 0x04, 0x02, 0x00}, /*")",9*/
    {0x00, 0x00, 0x00, 0x00, 0x08, 0x08, 0x6B, 0x1C, 0x1C, 0x6B, 0x08, 0x08, 0x00, 0x00, 0x00, 0x00}, /*"*",10*/
    {0x00, 0x00, 0x00, 0x00, 0x08, 0x08, 0x08, 0x08, 0x7F, 0x08, 0x08, 0x08, 0x08, 0x00, 0x00, 0x00}, /*"+",11*/
    {0x00, 0x00, 0x00, 0x00, 0x00, 0x00, 0x00, 0x00, 0x00, 0x00, 0x00, 0x00, 0x06, 0x06, 0x04, 0x03}, /*",",12*/
    {0x00, 0x00, 0x00, 0x00, 0x00, 0x00, 0x00, 0x00, 0xFE, 0x00, 0x00, 0x00, 0x00, 0x00, 0x00, 0x00}, /*"-",13*/
    {0x00, 0x00, 0x00, 0x00, 0x00, 0x00, 0x00, 0x00, 0x00, 0x00, 0x00, 0x00, 0x06, 0x06, 0x00, 0x00}, /*".",14*/
    {0x00, 0x00, 0x80, 0x40, 0x40, 0x20, 0x20, 0x10, 0x10, 0x08, 0x08, 0x04, 0x04, 0x02, 0x02, 0x00}, /*"/",15*/
    {0x00, 0x00, 0x00, 0x18, 0x24, 0x42, 0x42, 0x42, 0x42, 0x42, 0x42, 0x42, 0x24, 0x18, 0x00, 0x00}, /*"0",16*/
    {0x00, 0x00, 0x00, 0x08, 0x0E, 0x08, 0x08, 0x08, 0x08, 0x08, 0x08, 0x08, 0x08, 0x3E, 0x00, 0x00}, /*"1",17*/
    {0x00, 0x00, 0x00, 0x3C, 0x42, 0x42, 0x42, 0x20, 0x20, 0x10, 0x08, 0x04, 0x42, 0x7E, 0x00, 0x00}, /*"2",18*/
    {0x00, 0x00, 0x00, 0x3C, 0x42, 0x42, 0x20, 0x18, 0x20, 0x40, 0x40, 0x42, 0x22, 0x1C, 0x00, 0x00}, /*"3",19*/
    {0x00, 0x00, 0x00, 0x20, 0x30, 0x28, 0x24, 0x24, 0x22, 0x22, 0x7E, 0x20, 0x20, 0x78, 0x00, 0x00}, /*"4",20*/
    {0x00, 0x00, 0x00, 0x7E, 0x02, 0x02, 0x02, 0x1A, 0x26, 0x40, 0x40, 0x42, 0x22, 0x1C, 0x00, 0x00}, /*"5",21*/
    {0x00, 0x00, 0x00, 0x38, 0x24, 0x02, 0x02, 0x1A, 0x26, 0x42, 0x42, 0x42, 0x24, 0x18, 0x00, 0x00}, /*"6",22*/
    {0x00, 0x00, 0x00, 0x7E, 0x22, 0x22, 0x10, 0x10, 0x08, 0x08, 0x08, 0x08, 0x08, 0x08, 0x00, 0x00}, /*"7",23*/
    {0x00, 0x00, 0x00, 0x3C, 0x42, 0x42, 0x42, 0x24, 0x18, 0x24, 0x42, 0x42, 0x42, 0x3C, 0x00, 0x00}, /*"8",24*/
    {0x00, 0x00, 0x00, 0x18, 0x24, 0x42, 0x42, 0x42, 0x64, 0x58, 0x40, 0x40, 0x24, 0x1C, 0x00, 0x00}, /*"9",25*/
    {0x00, 0x00, 0x00, 0x00, 0x00, 0x00, 0x18, 0x18, 0x00, 0x00, 0x00, 0x00, 0x18, 0x18, 0x00, 0x00}, /*":",26*/
    {0x00, 0x00, 0x00, 0x00, 0x00, 0x00, 0x00, 0x08, 0x00, 0x00, 0x00, 0x00, 0x00, 0x08, 0x08, 0x04}, /*";",27*/
    {0x00, 0x00, 0x00, 0x40, 0x20, 0x10, 0x08, 0x04, 0x02, 0x04, 0x08, 0x10, 0x20, 0x40, 0x00, 0x00}, /*"<",28*/
    {0x00, 0x00, 0x00, 0x00, 0x00, 0x00, 0x7F, 0x00, 0x00, 0x00, 0x7F, 0x00, 0x00, 0x00, 0x00, 0x00}, /*"=",29*/
    {0x00, 0x00, 0x00, 0x02, 0x04, 0x08, 0x10, 0x20, 0x40, 0x20, 0x10, 0x08, 0x04, 0x02, 0x00, 0x00}, /*">",30*/
    {0x00, 0x00, 0x00, 0x3C, 0x42, 0x42, 0x46, 0x40, 0x20, 0x10, 0x10, 0x00, 0x18, 0x18, 0x00, 0x00}, /*"?",31*/
    {0x00, 0x00, 0x00, 0x1C, 0x22, 0x5A, 0x55, 0x55, 0x55, 0x55, 0x2D, 0x42, 0x22, 0x1C, 0x00, 0x00}, /*"@",32*/
    {0x00, 0x00, 0x00, 0x08, 0x08, 0x18, 0x14, 0x14, 0x24, 0x3C, 0x22, 0x42, 0x42, 0xE7, 0x00, 0x00}, /*"A",33*/
    {0x00, 0x00, 0x00, 0x1F, 0x22, 0x22, 0x22, 0x1E, 0x22, 0x42, 0x42, 0x42, 0x22, 0x1F, 0x00, 0x00}, /*"B",34*/
    {0x00, 0x00, 0x00, 0x7C, 0x42, 0x42, 0x01, 0x01, 0x01, 0x01, 0x01, 0x42, 0x22, 0x1C, 0x00, 0x00}, /*"C",35*/
    {0x00, 0x00, 0x00, 0x1F, 0x22, 0x42, 0x42, 0x42, 0x42, 0x42, 0x42, 0x42, 0x22, 0x1F, 0x00, 0x00}, /*"D",36*/
    {0x00, 0x00, 0x00, 0x3F, 0x42, 0x12, 0x12, 0x1E, 0x12, 0x12, 0x02, 0x42, 0x42, 0x3F, 0x00, 0x00}, /*"E",37*/
    {0x00, 0x00, 0x00, 0x3F, 0x42, 0x12, 0x12, 0x1E, 0x12, 0x12, 0x02, 0x02, 0x02, 0x07, 0x00, 0x00}, /*"F",38*/
    {0x00, 0x00, 0x00, 0x3C, 0x22, 0x22, 0x01, 0x01, 0x01, 0x71, 0x21, 0x22, 0x22, 0x1C, 0x00, 0x00}, /*"G",39*/
    {0x00, 0x00, 0x00, 0xE7, 0x42, 0x42, 0x42, 0x42, 0x7E, 0x42, 0x42, 0x42, 0x42, 0xE7, 0x00, 0x00}, /*"H",40*/
    {0x00, 0x00, 0x00, 0x3E, 0x08, 0x08, 0x08, 0x08, 0x08, 0x08, 0x08, 0x08, 0x08, 0x3E, 0x00, 0x00}, /*"I",41*/
    {0x00, 0x00, 0x00, 0x7C, 0x10, 0x10, 0x10, 0x10, 0x10, 0x10, 0x10, 0x10, 0x10, 0x10, 0x11, 0x0F}, /*"J",42*/
    {0x00, 0x00, 0x00, 0x77, 0x22, 0x12, 0x0A, 0x0E, 0x0A, 0x12, 0x12, 0x22, 0x22, 0x77, 0x00, 0x00}, /*"K",43*/
    {0x00, 0x00, 0x00, 0x07, 0x02, 0x02, 0x02, 0x02, 0x02, 0x02, 0x02, 0x02, 0x42, 0x7F, 0x00, 0x00}, /*"L",44*/
    {0x00, 0x00, 0x00, 0x77, 0x36, 0x36, 0x36, 0x36, 0x2A, 0x2A, 0x2A, 0x2A, 0x2A, 0x6B, 0x00, 0x00}, /*"M",45*/
    {0x00, 0x00, 0x00, 0xE3, 0x46, 0x46, 0x4A, 0x4A, 0x52, 0x52, 0x52, 0x62, 0x62, 0x47, 0x00, 0x00}, /*"N",46*/
    {0x00, 0x00, 0x00, 0x1C, 0x22, 0x41, 0x41, 0x41, 0x41, 0x41, 0x41, 0x41, 0x22, 0x1C, 0x00, 0x00}, /*"O",47*/
    {0x00, 0x00, 0x00, 0x3F, 0x42, 0x42, 0x42, 0x42, 0x3E, 0x02, 0x02, 0x02, 0x02, 0x07, 0x00, 0x00}, /*"P",48*/
    {0x00, 0x00, 0x00, 0x1C, 0x22, 0x41, 0x41, 0x41, 0x41, 0x41, 0x4D, 0x53, 0x32, 0x1C, 0x60, 0x00}, /*"Q",49*/
    {0x00, 0x00, 0x00, 0x3F, 0x42, 0x42, 0x42, 0x3E, 0x12, 0x12, 0x22, 0x22, 0x42, 0xC7, 0x00, 0x00}, /*"R",50*/
    {0x00, 0x00, 0x00, 0x7C, 0x42, 0x42, 0x02, 0x04, 0x18, 0x20, 0x40, 0x42, 0x42, 0x3E, 0x00, 0x00}, /*"S",51*/
    {0x00, 0x00, 0x00, 0x7F, 0x49, 0x08, 0x08, 0x08, 0x08, 0x08, 0x08, 0x08, 0x08, 0x1C, 0x00, 0x00}, /*"T",52*/
    {0x00, 0x00, 0x00, 0xE7, 0x42, 0x42, 0x42, 0x42, 0x42, 0x42, 0x42, 0x42, 0x42, 0x3C, 0x00, 0x00}, /*"U",53*/
    {0x00, 0x00, 0x00, 0xE7, 0x42, 0x42, 0x22, 0x24, 0x24, 0x14, 0x14, 0x18, 0x08, 0x08, 0x00, 0x00}, /*"V",54*/
    {0x00, 0x00, 0x00, 0x6B, 0x49, 0x49, 0x49, 0x49, 0x55, 0x55, 0x36, 0x22, 0x22, 0x22, 0x00, 0x00}, /*"W",55*/
    {0x00, 0x00, 0x00, 0xE7, 0x42, 0x24, 0x24, 0x18, 0x18, 0x18, 0x24, 0x24, 0x42, 0xE7, 0x00, 0x00}, /*"X",56*/
    {0x00, 0x00, 0x00, 0x77, 0x22, 0x22, 0x14, 0x14, 0x08, 0x08, 0x08, 0x08, 0x08, 0x1C, 0x00, 0x00}, /*"Y",57*/
    {0x00, 0x00, 0x00, 0x7E, 0x21, 0x20, 0x10, 0x10, 0x08, 0x04, 0x04, 0x42, 0x42, 0x3F, 0x00, 0x00}, /*"Z",58*/
    {0x00, 0x78, 0x08, 0x08, 0x08, 0x08, 0x08, 0x08, 0x08, 0x08, 0x08, 0x08, 0x08, 0x08, 0x78, 0x00}, /*"[",59*/
    {0x00, 0x00, 0x02, 0x02, 0x04, 0x04, 0x08, 0x08, 0x08, 0x10, 0x10, 0x20, 0x20, 0x20, 0x40, 0x40}, /*"\",60*/
    {0x00, 0x1E, 0x10, 0x10, 0x10, 0x10, 0x10, 0x10, 0x10, 0x10, 0x10, 0x10, 0x10, 0x10, 0x1E, 0x00}, /*"]",61*/
    {0x00, 0x38, 0x44, 0x00, 0x00, 0x00, 0x00, 0x00, 0x00, 0x00, 0x00, 0x00, 0x00, 0x00, 0x00, 0x00}, /*"^",62*/
    {0x00, 0x00, 0x00, 0x00, 0x00, 0x00, 0x00, 0x00, 0x00, 0x00, 0x00, 0x00, 0x00, 0x00, 0x00, 0xFF}, /*"_",63*/
    {0x00, 0x06, 0x08, 0x00, 0x00, 0x00, 0x00, 0x00, 0x00, 0x00, 0x00, 0x00, 0x00, 0x00, 0x00, 0x00}, /*"`",64*/
    {0x00, 0x00, 0x00, 0x00, 0x00, 0x00, 0x00, 0x3C, 0x42, 0x78, 0x44, 0x42, 0x42, 0xFC, 0x00, 0x00}, /*"a",65*/
    {0x00, 0x00, 0x00, 0x03, 0x02, 0x02, 0x02, 0x1A, 0x26, 0x42, 0x42, 0x42, 0x26, 0x1A, 0x00, 0x00}, /*"b",66*/
    {0x00, 0x00, 0x00, 0x00, 0x00, 0x00, 0x00, 0x38, 0x44, 0x02, 0x02, 0x02, 0x44, 0x38, 0x00, 0x00}, /*"c",67*/
    {0x00, 0x00, 0x00, 0x60, 0x40, 0x40, 0x40, 0x78, 0x44, 0x42, 0x42, 0x42, 0x64, 0xD8, 0x00, 0x00}, /*"d",68*/
    {0x00, 0x00, 0x00, 0x00, 0x00, 0x00, 0x00, 0x3C, 0x42, 0x7E, 0x02, 0x02, 0x42, 0x3C, 0x00, 0x00}, /*"e",69*/
    {0x00, 0x00, 0x00, 0xF0, 0x88, 0x08, 0x08, 0x7E, 0x08, 0x08, 0x08, 0x08, 0x08, 0x3E, 0x00, 0x00}, /*"f",70*/
    {0x00, 0x00, 0x00, 0x00, 0x00, 0x00, 0x00, 0x7C, 0x22, 0x22, 0x1C, 0x02, 0x3C, 0x42, 0x42, 0x3C}, /*"g",71*/
    {0x00, 0x00, 0x00, 0x03, 0x02, 0x02, 0x02, 0x3A, 0x46, 0x42, 0x42, 0x42, 0x42, 0xE7, 0x00, 0x00}, /*"h",72*/
    {0x00, 0x00, 0x00, 0x0C, 0x0C, 0x00, 0x00, 0x0E, 0x08, 0x08, 0x08, 0x08, 0x08, 0x3E, 0x00, 0x00}, /*"i",73*/
    {0x00, 0x00, 0x00, 0x30, 0x30, 0x00, 0x00, 0x38, 0x20, 0x20, 0x20, 0x20, 0x20, 0x20, 0x22, 0x1E}, /*"j",74*/
    {0x00, 0x00, 0x00, 0x03, 0x02, 0x02, 0x02, 0x72, 0x12, 0x0A, 0x16, 0x12, 0x22, 0x77, 0x00, 0x00}, /*"k",75*/
    {0x00, 0x00, 0x00, 0x0E, 0x08, 0x08, 0x08, 0x08, 0x08, 0x08, 0x08, 0x08, 0x08, 0x3E, 0x00, 0x00}, /*"l",76*/
    {0x00, 0x00, 0x00, 0x00, 0x00, 0x00, 0x00, 0x7F, 0x92, 0x92, 0x92, 0x92, 0x92, 0xB7, 0x00, 0x00}, /*"m",77*/
    {0x00, 0x00, 0x00, 0x00, 0x00, 0x00, 0x00, 0x3B, 0x46, 0x42, 0x42, 0x42, 0x42, 0xE7, 0x00, 0x00}, /*"n",78*/
    {0x00, 0x00, 0x00, 0x00, 0x00, 0x00, 0x00, 0x3C, 0x42, 0x42, 0x42, 0x42, 0x42, 0x3C, 0x00, 0x00}, /*"o",79*/
    {0x00, 0x00, 0x00, 0x00, 0x00, 0x00, 0x00, 0x1B, 0x26, 0x42, 0x42, 0x42, 0x22, 0x1E, 0x02, 0x07}, /*"p",80*/
    {0x00, 0x00, 0x00, 0x00, 0x00, 0x00, 0x00, 0x78, 0x44, 0x42, 0x42, 0x42, 0x44, 0x78, 0x40, 0xE0}, /*"q",81*/
    {0x00, 0x00, 0x00, 0x00, 0x00, 0x00, 0x00, 0x77, 0x4C, 0x04, 0x04, 0x04, 0x04, 0x1F, 0x00, 0x00}, /*"r",82*/
    {0x00, 0x00, 0x00, 0x00, 0x00, 0x00, 0x00, 0x7C, 0x42, 0x02, 0x3C, 0x40, 0x42, 0x3E, 0x00, 0x00}, /*"s",83*/
    {0x00, 0x00, 0x00, 0x00, 0x00, 0x08, 0x08, 0x3E, 0x08, 0x08, 0x08, 0x08, 0x08, 0x30, 0x00, 0x00}, /*"t",84*/
    {0x00, 0x00, 0x00, 0x00, 0x00, 0x00, 0x00, 0x63, 0x42, 0x42, 0x42, 0x42, 0x62, 0xDC, 0x00, 0x00}, /*"u",85*/
    {0x00, 0x00, 0x00, 0x00, 0x00, 0x00, 0x00, 0xE7, 0x42, 0x24, 0x24, 0x14, 0x08, 0x08, 0x00, 0x00}, /*"v",86*/
    {0x00, 0x00, 0x00, 0x00, 0x00, 0x00, 0x00, 0xEB, 0x49, 0x49, 0x55, 0x55, 0x22, 0x22, 0x00, 0x00}, /*"w",87*/
    {0x00, 0x00, 0x00, 0x00, 0x00, 0x00, 0x00, 0x76, 0x24, 0x18, 0x18, 0x18, 0x24, 0x6E, 0x00, 0x00}, /*"x",88*/
    {0x00, 0x00, 0x00, 0x00, 0x00, 0x00, 0x00, 0xE7, 0x42, 0x24, 0x24, 0x14, 0x18, 0x08, 0x08, 0x07}, /*"y",89*/
    {0x00, 0x00, 0x00, 0x00, 0x00, 0x00, 0x00, 0x7E, 0x22, 0x10, 0x08, 0x08, 0x44, 0x7E, 0x00, 0x00}, /*"z",90*/
    {0x00, 0xC0, 0x20, 0x20, 0x20, 0x20, 0x20, 0x10, 0x20, 0x20, 0x20, 0x20, 0x20, 0x20, 0xC0, 0x00}, /*"{",91*/
    {0x10, 0x10, 0x10, 0x10, 0x10, 0x10, 0x10, 0x10, 0x10, 0x10, 0x10, 0x10, 0x10, 0x10, 0x10, 0x10}, /*"|",92*/
    {0x00, 0x06, 0x08, 0x08, 0x08, 0x08, 0x08, 0x10, 0x08, 0x08, 0x08, 0x08, 0x08, 0x08, 0x06, 0x00}, /*"}",93*/
    {0x0C, 0x32, 0xC2, 0x00, 0x00, 0x00, 0x00, 0x00, 0x00, 0x00, 0x00, 0x00, 0x00, 0x00, 0x00, 0x00}, /*"~",94*/
};

/** 12*24字体 */
const unsigned char ascii_2412[][48] = {
    {0x00, 0x00, 0x00, 0x00, 0x00, 0x00, 0x00, 0x00, 0x00, 0x00, 0x00, 0x00, 0x00, 0x00, 0x00, 0x00, 0x00, 0x00, 0x00, 0x00, 0x00, 0x00, 0x00, 0x00, 0x00, 0x00, 0x00, 0x00, 0x00, 0x00, 0x00, 0x00, 0x00, 0x00, 0x00, 0x00, 0x00, 0x00, 0x00, 0x00, 0x00, 0x00, 0x00, 0x00, 0x00, 0x00, 0x00, 0x00}, /*" ",0*/
    {0x00, 0x00, 0x00, 0x00, 0x00, 0x00, 0x00, 0x00, 0x60, 0x00, 0x60, 0x00, 0x60, 0x00, 0x60, 0x00, 0x60, 0x00, 0x60, 0x00, 0x60, 0x00, 0x40, 0x00, 0x20, 0x00, 0x20, 0x00, 0x20, 0x00, 0x00, 0x00, 0x00, 0x00, 0x00, 0x00, 0x60, 0x00, 0x60, 0x00, 0x60, 0x00, 0x00, 0x00, 0x00, 0x00, 0x00, 0x00}, /*"!",1*/
    {0x00, 0x00, 0x00, 0x00, 0x60, 0x06, 0x60, 0x06, 0x30, 0x03, 0x98, 0x01, 0x88, 0x00, 0x44, 0x00, 0x00, 0x00, 0x00, 0x00, 0x00, 0x00, 0x00, 0x00, 0x00, 0x00, 0x00, 0x00, 0x00, 0x00, 0x00, 0x00, 0x00, 0x00, 0x00, 0x00, 0x00, 0x00, 0x00, 0x00, 0x00, 0x00, 0x00, 0x00, 0x00, 0x00, 0x00, 0x00}, /*""",2*/
    {0x00, 0x00, 0x00, 0x00, 0x00, 0x00, 0x00, 0x00, 0x10, 0x02, 0x10, 0x02, 0x10, 0x02, 0x10, 0x02, 0xFE, 0x07, 0xFE, 0x07, 0x08, 0x02, 0x08, 0x01, 0x08, 0x01, 0x08, 0x01, 0x08, 0x01, 0xFE, 0x07, 0xFE, 0x07, 0x04, 0x01, 0x04, 0x01, 0x04, 0x01, 0x04, 0x01, 0x00, 0x00, 0x00, 0x00, 0x00, 0x00}, /*"#",3*/
    {0x00, 0x00, 0x00, 0x00, 0x00, 0x00, 0x40, 0x00, 0x40, 0x00, 0xF0, 0x01, 0x58, 0x03, 0x4C, 0x03, 0xCC, 0x03, 0x4C, 0x00, 0x58, 0x00, 0x70, 0x00, 0xE0, 0x00, 0xC0, 0x01, 0xC0, 0x01, 0x40, 0x03, 0x4C, 0x03, 0x5C, 0x03, 0x4C, 0x03, 0x48, 0x01, 0xF0, 0x00, 0x40, 0x00, 0x40, 0x00, 0x00, 0x00}, /*"$",4*/
    {0x00, 0x00, 0x00, 0x00, 0x00, 0x00, 0x00, 0x00, 0x0E, 0x01, 0x0A, 0x01, 0x91, 0x00, 0x91, 0x00, 0x91, 0x00, 0x51, 0x00, 0x51, 0x00, 0x3A, 0x00, 0xAE, 0x03, 0xA0, 0x02, 0x50, 0x04, 0x50, 0x04, 0x48, 0x04, 0x48, 0x04, 0x48, 0x04, 0x84, 0x02, 0x84, 0x03, 0x00, 0x00, 0x00, 0x00, 0x00, 0x00}, /*"%",5*/
    {0x00, 0x00, 0x00, 0x00, 0x00, 0x00, 0x00, 0x00, 0x38, 0x00, 0x6C, 0x00, 0x6C, 0x00, 0x6C, 0x00, 0x6C, 0x00, 0x6C, 0x00, 0x2C, 0x00, 0x98, 0x07, 0x1C, 0x01, 0x1A, 0x01, 0x33, 0x01, 0x33, 0x01, 0x63, 0x01, 0xE3, 0x00, 0xC3, 0x08, 0xC6, 0x09, 0x3C, 0x07, 0x00, 0x00, 0x00, 0x00, 0x00, 0x00}, /*"&",6*/
    {0x00, 0x00, 0x00, 0x00, 0x0C, 0x00, 0x1C, 0x00, 0x10, 0x00, 0x10, 0x00, 0x08, 0x00, 0x04, 0x00, 0x00, 0x00, 0x00, 0x00, 0x00, 0x00, 0x00, 0x00, 0x00, 0x00, 0x00, 0x00, 0x00, 0x00, 0x00, 0x00, 0x00, 0x00, 0x00, 0x00, 0x00, 0x00, 0x00, 0x00, 0x00, 0x00, 0x00, 0x00, 0x00, 0x00, 0x00, 0x00}, /*"'",7*/
    {0x00, 0x00, 0x00, 0x00, 0x00, 0x04, 0x00, 0x02, 0x00, 0x01, 0x80, 0x00, 0x80, 0x00, 0x40, 0x00, 0x40, 0x00, 0x20, 0x00, 0x20, 0x00, 0x20, 0x00, 0x20, 0x00, 0x20, 0x00, 0x20, 0x00, 0x20, 0x00, 0x40, 0x00, 0x40, 0x00, 0x80, 0x00, 0x80, 0x00, 0x00, 0x01, 0x00, 0x02, 0x00, 0x04, 0x00, 0x00}, /*"(",8*/
    {0x00, 0x00, 0x00, 0x00, 0x02, 0x00, 0x04, 0x00, 0x08, 0x00, 0x10, 0x00, 0x10, 0x00, 0x20, 0x00, 0x20, 0x00, 0x40, 0x00, 0x40, 0x00, 0x40, 0x00, 0x40, 0x00, 0x40, 0x00, 0x40, 0x00, 0x40, 0x00, 0x20, 0x00, 0x20, 0x00, 0x10, 0x00, 0x10, 0x00, 0x08, 0x00, 0x04, 0x00, 0x02, 0x00, 0x00, 0x00}, /*")",9*/
    {0x00, 0x00, 0x00, 0x00, 0x00, 0x00, 0x00, 0x00, 0x00, 0x00, 0x00, 0x00, 0x40, 0x00, 0xC0, 0x00, 0x40, 0x00, 0x46, 0x0C, 0x4E, 0x0F, 0xD0, 0x01, 0xF0, 0x01, 0x5E, 0x0F, 0x46, 0x0C, 0x40, 0x00, 0x40, 0x00, 0x40, 0x00, 0x00, 0x00, 0x00, 0x00, 0x00, 0x00, 0x00, 0x00, 0x00, 0x00, 0x00, 0x00}, /*"*",10*/
    {0x00, 0x00, 0x00, 0x00, 0x00, 0x00, 0x00, 0x00, 0x00, 0x00, 0x00, 0x00, 0x00, 0x00, 0x40, 0x00, 0x40, 0x00, 0x40, 0x00, 0x40, 0x00, 0x40, 0x00, 0xFE, 0x0F, 0x40, 0x00, 0x40, 0x00, 0x40, 0x00, 0x40, 0x00, 0x40, 0x00, 0x00, 0x00, 0x00, 0x00, 0x00, 0x00, 0x00, 0x00, 0x00, 0x00, 0x00, 0x00}, /*"+",11*/
    {0x00, 0x00, 0x00, 0x00, 0x00, 0x00, 0x00, 0x00, 0x00, 0x00, 0x00, 0x00, 0x00, 0x00, 0x00, 0x00, 0x00, 0x00, 0x00, 0x00, 0x00, 0x00, 0x00, 0x00, 0x00, 0x00, 0x00, 0x00, 0x00, 0x00, 0x00, 0x00, 0x00, 0x00, 0x00, 0x00, 0x0C, 0x00, 0x1C, 0x00, 0x10, 0x00, 0x10, 0x00, 0x08, 0x00, 0x04, 0x00}, /*",",12*/
    {0x00, 0x00, 0x00, 0x00, 0x00, 0x00, 0x00, 0x00, 0x00, 0x00, 0x00, 0x00, 0x00, 0x00, 0x00, 0x00, 0x00, 0x00, 0x00, 0x00, 0x00, 0x00, 0x00, 0x00, 0xFE, 0x07, 0x00, 0x00, 0x00, 0x00, 0x00, 0x00, 0x00, 0x00, 0x00, 0x00, 0x00, 0x00, 0x00, 0x00, 0x00, 0x00, 0x00, 0x00, 0x00, 0x00, 0x00, 0x00}, /*"-",13*/
    {0x00, 0x00, 0x00, 0x00, 0x00, 0x00, 0x00, 0x00, 0x00, 0x00, 0x00, 0x00, 0x00, 0x00, 0x00, 0x00, 0x00, 0x00, 0x00, 0x00, 0x00, 0x00, 0x00, 0x00, 0x00, 0x00, 0x00, 0x00, 0x00, 0x00, 0x00, 0x00, 0x00, 0x00, 0x00, 0x00, 0x1C, 0x00, 0x1C, 0x00, 0x1C, 0x00, 0x00, 0x00, 0x00, 0x00, 0x00, 0x00}, /*".",14*/
    {0x00, 0x00, 0x00, 0x00, 0x00, 0x04, 0x00, 0x06, 0x00, 0x02, 0x00, 0x03, 0x00, 0x01, 0x00, 0x01, 0x80, 0x00, 0x80, 0x00, 0x40, 0x00, 0x40, 0x00, 0x60, 0x00, 0x20, 0x00, 0x20, 0x00, 0x10, 0x00, 0x10, 0x00, 0x08, 0x00, 0x08, 0x00, 0x0C, 0x00, 0x04, 0x00, 0x06, 0x00, 0x02, 0x00, 0x00, 0x00}, /*"/",15*/
    {0x00, 0x00, 0x00, 0x00, 0x00, 0x00, 0x00, 0x00, 0x00, 0x00, 0xF0, 0x00, 0x98, 0x01, 0x0C, 0x03, 0x0C, 0x03, 0x06, 0x06, 0x06, 0x06, 0x06, 0x06, 0x06, 0x06, 0x06, 0x06, 0x06, 0x06, 0x06, 0x06, 0x06, 0x06, 0x0C, 0x03, 0x0C, 0x03, 0x98, 0x01, 0xF0, 0x00, 0x00, 0x00, 0x00, 0x00, 0x00, 0x00}, /*"0",16*/
    {0x00, 0x00, 0x00, 0x00, 0x00, 0x00, 0x00, 0x00, 0x00, 0x00, 0x40, 0x00, 0x7C, 0x00, 0x60, 0x00, 0x60, 0x00, 0x60, 0x00, 0x60, 0x00, 0x60, 0x00, 0x60, 0x00, 0x60, 0x00, 0x60, 0x00, 0x60, 0x00, 0x60, 0x00, 0x60, 0x00, 0x60, 0x00, 0x60, 0x00, 0xFC, 0x03, 0x00, 0x00, 0x00, 0x00, 0x00, 0x00}, /*"1",17*/
    {0x00, 0x00, 0x00, 0x00, 0x00, 0x00, 0x00, 0x00, 0x00, 0x00, 0xF8, 0x00, 0x84, 0x01, 0x02, 0x03, 0x06, 0x03, 0x06, 0x03, 0x00, 0x03, 0x00, 0x01, 0x80, 0x01, 0xC0, 0x00, 0x60, 0x00, 0x20, 0x00, 0x10, 0x00, 0x08, 0x02, 0x04, 0x02, 0x06, 0x02, 0xFE, 0x03, 0x00, 0x00, 0x00, 0x00, 0x00, 0x00}, /*"2",18*/
    {0x00, 0x00, 0x00, 0x00, 0x00, 0x00, 0x00, 0x00, 0x00, 0x00, 0x78, 0x00, 0xC6, 0x00, 0x86, 0x01, 0x86, 0x01, 0x80, 0x01, 0x80, 0x01, 0xC0, 0x00, 0x70, 0x00, 0x80, 0x01, 0x00, 0x01, 0x00, 0x03, 0x00, 0x03, 0x06, 0x03, 0x06, 0x03, 0x86, 0x01, 0xF8, 0x00, 0x00, 0x00, 0x00, 0x00, 0x00, 0x00}, /*"3",19*/
    {0x00, 0x00, 0x00, 0x00, 0x00, 0x00, 0x00, 0x00, 0x00, 0x00, 0x80, 0x01, 0x80, 0x01, 0xC0, 0x01, 0xA0, 0x01, 0xA0, 0x01, 0x90, 0x01, 0x88, 0x01, 0x88, 0x01, 0x84, 0x01, 0x82, 0x01, 0xFE, 0x0F, 0x80, 0x01, 0x80, 0x01, 0x80, 0x01, 0x80, 0x01, 0xE0, 0x07, 0x00, 0x00, 0x00, 0x00, 0x00, 0x00}, /*"4",20*/
    {0x00, 0x00, 0x00, 0x00, 0x00, 0x00, 0x00, 0x00, 0x00, 0x00, 0xFC, 0x03, 0x04, 0x00, 0x04, 0x00, 0x04, 0x00, 0x04, 0x00, 0x04, 0x00, 0xF4, 0x00, 0x8C, 0x01, 0x04, 0x03, 0x00, 0x03, 0x00, 0x03, 0x06, 0x03, 0x06, 0x03, 0x82, 0x01, 0x84, 0x01, 0xF8, 0x00, 0x00, 0x00, 0x00, 0x00, 0x00, 0x00}, /*"5",21*/
    {0x00, 0x00, 0x00, 0x00, 0x00, 0x00, 0x00, 0x00, 0x00, 0x00, 0xE0, 0x01, 0x18, 0x03, 0x0C, 0x03, 0x0C, 0x00, 0x04, 0x00, 0x06, 0x00, 0xE6, 0x01, 0x16, 0x03, 0x0E, 0x06, 0x06, 0x06, 0x06, 0x06, 0x06, 0x06, 0x04, 0x06, 0x0C, 0x02, 0x18, 0x03, 0xF0, 0x00, 0x00, 0x00, 0x00, 0x00, 0x00, 0x00}, /*"6",22*/
    {0x00, 0x00, 0x00, 0x00, 0x00, 0x00, 0x00, 0x00, 0x00, 0x00, 0xF8, 0x07, 0x0C, 0x06, 0x04, 0x02, 0x04, 0x01, 0x00, 0x01, 0x00, 0x01, 0x80, 0x00, 0x80, 0x00, 0x40, 0x00, 0x40, 0x00, 0x40, 0x00, 0x60, 0x00, 0x60, 0x00, 0x60, 0x00, 0x60, 0x00, 0x60, 0x00, 0x00, 0x00, 0x00, 0x00, 0x00, 0x00}, /*"7",23*/
    {0x00, 0x00, 0x00, 0x00, 0x00, 0x00, 0x00, 0x00, 0x00, 0x00, 0xF8, 0x01, 0x0C, 0x03, 0x06, 0x06, 0x06, 0x06, 0x06, 0x06, 0x0C, 0x02, 0x1C, 0x03, 0xF0, 0x00, 0xC8, 0x01, 0x0C, 0x03, 0x06, 0x06, 0x06, 0x06, 0x06, 0x06, 0x06, 0x06, 0x0C, 0x03, 0xF0, 0x01, 0x00, 0x00, 0x00, 0x00, 0x00, 0x00}, /*"8",24*/
    {0x00, 0x00, 0x00, 0x00, 0x00, 0x00, 0x00, 0x00, 0x00, 0x00, 0xF0, 0x00, 0x0C, 0x01, 0x0C, 0x03, 0x06, 0x02, 0x06, 0x06, 0x06, 0x06, 0x06, 0x06, 0x06, 0x07, 0x8C, 0x06, 0x78, 0x06, 0x00, 0x06, 0x00, 0x03, 0x00, 0x03, 0x0C, 0x01, 0x8C, 0x01, 0x78, 0x00, 0x00, 0x00, 0x00, 0x00, 0x00, 0x00}, /*"9",25*/
    {0x00, 0x00, 0x00, 0x00, 0x00, 0x00, 0x00, 0x00, 0x00, 0x00, 0x00, 0x00, 0x00, 0x00, 0x00, 0x00, 0x00, 0x00, 0x00, 0x00, 0xE0, 0x00, 0xE0, 0x00, 0xE0, 0x00, 0x00, 0x00, 0x00, 0x00, 0x00, 0x00, 0x00, 0x00, 0x00, 0x00, 0xE0, 0x00, 0xE0, 0x00, 0xE0, 0x00, 0x00, 0x00, 0x00, 0x00, 0x00, 0x00}, /*":",26*/
    {0x00, 0x00, 0x00, 0x00, 0x00, 0x00, 0x00, 0x00, 0x00, 0x00, 0x00, 0x00, 0x00, 0x00, 0x00, 0x00, 0x00, 0x00, 0x00, 0x00, 0x60, 0x00, 0x60, 0x00, 0x00, 0x00, 0x00, 0x00, 0x00, 0x00, 0x00, 0x00, 0x00, 0x00, 0x00, 0x00, 0x00, 0x00, 0x60, 0x00, 0x60, 0x00, 0x40, 0x00, 0x20, 0x00, 0x20, 0x00}, /*";",27*/
    {0x00, 0x00, 0x00, 0x00, 0x00, 0x00, 0x00, 0x00, 0x00, 0x04, 0x00, 0x02, 0x00, 0x01, 0x80, 0x00, 0x40, 0x00, 0x20, 0x00, 0x10, 0x00, 0x08, 0x00, 0x04, 0x00, 0x08, 0x00, 0x10, 0x00, 0x20, 0x00, 0x40, 0x00, 0x80, 0x00, 0x00, 0x01, 0x00, 0x02, 0x00, 0x04, 0x00, 0x00, 0x00, 0x00, 0x00, 0x00}, /*"<",28*/
    {0x00, 0x00, 0x00, 0x00, 0x00, 0x00, 0x00, 0x00, 0x00, 0x00, 0x00, 0x00, 0x00, 0x00, 0x00, 0x00, 0x00, 0x00, 0x00, 0x00, 0xFE, 0x07, 0x00, 0x00, 0x00, 0x00, 0x00, 0x00, 0xFE, 0x07, 0x00, 0x00, 0x00, 0x00, 0x00, 0x00, 0x00, 0x00, 0x00, 0x00, 0x00, 0x00, 0x00, 0x00, 0x00, 0x00, 0x00, 0x00}, /*"=",29*/
    {0x00, 0x00, 0x00, 0x00, 0x00, 0x00, 0x00, 0x00, 0x04, 0x00, 0x08, 0x00, 0x10, 0x00, 0x20, 0x00, 0x40, 0x00, 0x80, 0x00, 0x00, 0x01, 0x00, 0x02, 0x00, 0x04, 0x00, 0x02, 0x00, 0x01, 0x80, 0x00, 0x40, 0x00, 0x20, 0x00, 0x10, 0x00, 0x08, 0x00, 0x04, 0x00, 0x00, 0x00, 0x00, 0x00, 0x00, 0x00}, /*">",30*/
    {0x00, 0x00, 0x00, 0x00, 0x00, 0x00, 0x00, 0x00, 0x00, 0x00, 0xE0, 0x03, 0x18, 0x06, 0x04, 0x0C, 0x04, 0x0C, 0x0C, 0x0C, 0x0C, 0x0C, 0x00, 0x07, 0x80, 0x01, 0x40, 0x00, 0x40, 0x00, 0x40, 0x00, 0x00, 0x00, 0x00, 0x00, 0xE0, 0x00, 0xE0, 0x00, 0xE0, 0x00, 0x00, 0x00, 0x00, 0x00, 0x00, 0x00}, /*"?",31*/
    {0x00, 0x00, 0x00, 0x00, 0x00, 0x00, 0x00, 0x00, 0xE0, 0x00, 0x18, 0x03, 0x0C, 0x02, 0xCC, 0x05, 0x64, 0x05, 0x66, 0x05, 0xA6, 0x05, 0xB6, 0x04, 0xB6, 0x04, 0xB6, 0x04, 0xB6, 0x04, 0xB6, 0x02, 0xE4, 0x01, 0x0C, 0x04, 0x0C, 0x02, 0x18, 0x03, 0xF0, 0x00, 0x00, 0x00, 0x00, 0x00, 0x00, 0x00}, /*"@",32*/
    {0x00, 0x00, 0x00, 0x00, 0x00, 0x00, 0x00, 0x00, 0x00, 0x00, 0x60, 0x00, 0x60, 0x00, 0x50, 0x00, 0xD0, 0x00, 0x90, 0x00, 0x90, 0x00, 0x88, 0x00, 0x88, 0x01, 0x08, 0x01, 0xF8, 0x01, 0x04, 0x03, 0x04, 0x03, 0x04, 0x02, 0x02, 0x02, 0x02, 0x06, 0x0F, 0x0F, 0x00, 0x00, 0x00, 0x00, 0x00, 0x00}, /*"A",33*/
    {0x00, 0x00, 0x00, 0x00, 0x00, 0x00, 0x00, 0x00, 0x00, 0x00, 0xFE, 0x00, 0x8C, 0x03, 0x0C, 0x03, 0x0C, 0x03, 0x0C, 0x03, 0x0C, 0x03, 0x8C, 0x01, 0xFC, 0x00, 0x0C, 0x03, 0x0C, 0x02, 0x0C, 0x06, 0x0C, 0x06, 0x0C, 0x06, 0x0C, 0x06, 0x0C, 0x03, 0xFE, 0x01, 0x00, 0x00, 0x00, 0x00, 0x00, 0x00}, /*"B",34*/
    {0x00, 0x00, 0x00, 0x00, 0x00, 0x00, 0x00, 0x00, 0x00, 0x00, 0xE0, 0x03, 0x18, 0x03, 0x0C, 0x06, 0x0C, 0x04, 0x04, 0x04, 0x06, 0x00, 0x06, 0x00, 0x06, 0x00, 0x06, 0x00, 0x06, 0x00, 0x06, 0x00, 0x06, 0x04, 0x0C, 0x04, 0x0C, 0x02, 0x18, 0x03, 0xF0, 0x00, 0x00, 0x00, 0x00, 0x00, 0x00, 0x00}, /*"C",35*/
    {0x00, 0x00, 0x00, 0x00, 0x00, 0x00, 0x00, 0x00, 0x00, 0x00, 0x7F, 0x00, 0x8C, 0x01, 0x0C, 0x03, 0x0C, 0x03, 0x0C, 0x06, 0x0C, 0x06, 0x0C, 0x06, 0x0C, 0x06, 0x0C, 0x06, 0x0C, 0x06, 0x0C, 0x06, 0x0C, 0x06, 0x0C, 0x03, 0x0C, 0x03, 0x8C, 0x01, 0x7F, 0x00, 0x00, 0x00, 0x00, 0x00, 0x00, 0x00}, /*"D",36*/
    {0x00, 0x00, 0x00, 0x00, 0x00, 0x00, 0x00, 0x00, 0x00, 0x00, 0xFF, 0x03, 0x06, 0x03, 0x06, 0x04, 0x06, 0x04, 0x06, 0x00, 0x86, 0x00, 0x86, 0x00, 0xFE, 0x00, 0x86, 0x00, 0x86, 0x00, 0x86, 0x00, 0x06, 0x00, 0x06, 0x04, 0x06, 0x04, 0x06, 0x02, 0xFF, 0x03, 0x00, 0x00, 0x00, 0x00, 0x00, 0x00}, /*"E",37*/
    {0x00, 0x00, 0x00, 0x00, 0x00, 0x00, 0x00, 0x00, 0x00, 0x00, 0xFF, 0x03, 0x06, 0x03, 0x06, 0x04, 0x06, 0x04, 0x06, 0x00, 0x86, 0x00, 0x86, 0x00, 0xFE, 0x00, 0x86, 0x00, 0x86, 0x00, 0x86, 0x00, 0x06, 0x00, 0x06, 0x00, 0x06, 0x00, 0x06, 0x00, 0x1F, 0x00, 0x00, 0x00, 0x00, 0x00, 0x00, 0x00}, /*"F",38*/
    {0x00, 0x00, 0x00, 0x00, 0x00, 0x00, 0x00, 0x00, 0x00, 0x00, 0xF0, 0x00, 0x18, 0x01, 0x0C, 0x02, 0x0C, 0x02, 0x04, 0x02, 0x06, 0x00, 0x06, 0x00, 0x06, 0x00, 0x06, 0x00, 0xC6, 0x0F, 0x06, 0x03, 0x06, 0x03, 0x0C, 0x03, 0x0C, 0x03, 0x18, 0x03, 0xF0, 0x00, 0x00, 0x00, 0x00, 0x00, 0x00, 0x00}, /*"G",39*/
    {0x00, 0x00, 0x00, 0x00, 0x00, 0x00, 0x00, 0x00, 0x00, 0x00, 0x0F, 0x0F, 0x06, 0x06, 0x06, 0x06, 0x06, 0x06, 0x06, 0x06, 0x06, 0x06, 0x06, 0x06, 0xFE, 0x07, 0x06, 0x06, 0x06, 0x06, 0x06, 0x06, 0x06, 0x06, 0x06, 0x06, 0x06, 0x06, 0x06, 0x06, 0x0F, 0x0F, 0x00, 0x00, 0x00, 0x00, 0x00, 0x00}, /*"H",40*/
    {0x00, 0x00, 0x00, 0x00, 0x00, 0x00, 0x00, 0x00, 0x00, 0x00, 0xFC, 0x03, 0x60, 0x00, 0x60, 0x00, 0x60, 0x00, 0x60, 0x00, 0x60, 0x00, 0x60, 0x00, 0x60, 0x00, 0x60, 0x00, 0x60, 0x00, 0x60, 0x00, 0x60, 0x00, 0x60, 0x00, 0x60, 0x00, 0x60, 0x00, 0xFC, 0x03, 0x00, 0x00, 0x00, 0x00, 0x00, 0x00}, /*"I",41*/
    {0x00, 0x00, 0x00, 0x00, 0x00, 0x00, 0x00, 0x00, 0x00, 0x00, 0xF8, 0x07, 0xC0, 0x00, 0xC0, 0x00, 0xC0, 0x00, 0xC0, 0x00, 0xC0, 0x00, 0xC0, 0x00, 0xC0, 0x00, 0xC0, 0x00, 0xC0, 0x00, 0xC0, 0x00, 0xC0, 0x00, 0xC0, 0x00, 0xC0, 0x00, 0xC0, 0x00, 0xC0, 0x00, 0xC6, 0x00, 0x66, 0x00, 0x3C, 0x00}, /*"J",42*/
    {0x00, 0x00, 0x00, 0x00, 0x00, 0x00, 0x00, 0x00, 0x00, 0x00, 0xCF, 0x03, 0x86, 0x01, 0xC6, 0x00, 0x46, 0x00, 0x26, 0x00, 0x16, 0x00, 0x36, 0x00, 0x2E, 0x00, 0x6E, 0x00, 0x46, 0x00, 0xC6, 0x00, 0x86, 0x00, 0x86, 0x01, 0x06, 0x01, 0x06, 0x03, 0x8F, 0x07, 0x00, 0x00, 0x00, 0x00, 0x00, 0x00}, /*"K",43*/
    {0x00, 0x00, 0x00, 0x00, 0x00, 0x00, 0x00, 0x00, 0x00, 0x00, 0x1F, 0x00, 0x06, 0x00, 0x06, 0x00, 0x06, 0x00, 0x06, 0x00, 0x06, 0x00, 0x06, 0x00, 0x06, 0x00, 0x06, 0x00, 0x06, 0x00, 0x06, 0x00, 0x06, 0x00, 0x06, 0x04, 0x06, 0x04, 0x06, 0x02, 0xFF, 0x03, 0x00, 0x00, 0x00, 0x00, 0x00, 0x00}, /*"L",44*/
    {0x00, 0x00, 0x00, 0x00, 0x00, 0x00, 0x00, 0x00, 0x00, 0x00, 0x07, 0x07, 0x86, 0x03, 0x86, 0x03, 0x8E, 0x03, 0x8E, 0x03, 0x4E, 0x03, 0x4E, 0x03, 0x4A, 0x03, 0x5A, 0x03, 0x5A, 0x03, 0x3A, 0x03, 0x32, 0x03, 0x32, 0x03, 0x32, 0x03, 0x12, 0x03, 0x87, 0x07, 0x00, 0x00, 0x00, 0x00, 0x00, 0x00}, /*"M",45*/
    {0x00, 0x00, 0x00, 0x00, 0x00, 0x00, 0x00, 0x00, 0x00, 0x00, 0x8E, 0x0F, 0x0C, 0x02, 0x1C, 0x02, 0x1C, 0x02, 0x34, 0x02, 0x34, 0x02, 0x64, 0x02, 0x64, 0x02, 0x44, 0x02, 0xC4, 0x02, 0x84, 0x02, 0x84, 0x03, 0x84, 0x03, 0x04, 0x03, 0x04, 0x03, 0x1F, 0x02, 0x00, 0x00, 0x00, 0x00, 0x00, 0x00}, /*"N",46*/
    {0x00, 0x00, 0x00, 0x00, 0x00, 0x00, 0x00, 0x00, 0x00, 0x00, 0xF0, 0x00, 0x98, 0x01, 0x0C, 0x03, 0x0C, 0x02, 0x06, 0x06, 0x06, 0x06, 0x06, 0x06, 0x06, 0x06, 0x06, 0x06, 0x06, 0x06, 0x06, 0x06, 0x06, 0x06, 0x0C, 0x02, 0x0C, 0x03, 0x98, 0x01, 0xF0, 0x00, 0x00, 0x00, 0x00, 0x00, 0x00, 0x00}, /*"O",47*/
    {0x00, 0x00, 0x00, 0x00, 0x00, 0x00, 0x00, 0x00, 0x00, 0x00, 0xFF, 0x00, 0x06, 0x03, 0x06, 0x06, 0x06, 0x06, 0x06, 0x06, 0x06, 0x06, 0x06, 0x06, 0x86, 0x03, 0xFE, 0x00, 0x06, 0x00, 0x06, 0x00, 0x06, 0x00, 0x06, 0x00, 0x06, 0x00, 0x06, 0x00, 0x1F, 0x00, 0x00, 0x00, 0x00, 0x00, 0x00, 0x00}, /*"P",48*/
    {0x00, 0x00, 0x00, 0x00, 0x00, 0x00, 0x00, 0x00, 0x00, 0x00, 0xF0, 0x00, 0x98, 0x01, 0x0C, 0x03, 0x0C, 0x02, 0x06, 0x06, 0x06, 0x06, 0x06, 0x06, 0x06, 0x06, 0x06, 0x06, 0x06, 0x06, 0x06, 0x06, 0x76, 0x06, 0x4C, 0x02, 0xCC, 0x03, 0x98, 0x01, 0xF0, 0x00, 0x80, 0x07, 0x00, 0x03, 0x00, 0x00}, /*"Q",49*/
    {0x00, 0x00, 0x00, 0x00, 0x00, 0x00, 0x00, 0x00, 0x00, 0x00, 0xFF, 0x01, 0x06, 0x03, 0x06, 0x06, 0x06, 0x06, 0x06, 0x06, 0x06, 0x06, 0x06, 0x03, 0xFE, 0x00, 0x46, 0x00, 0xC6, 0x00, 0x86, 0x00, 0x86, 0x01, 0x06, 0x03, 0x06, 0x03, 0x06, 0x06, 0x0F, 0x0E, 0x00, 0x00, 0x00, 0x00, 0x00, 0x00}, /*"R",50*/
    {0x00, 0x00, 0x00, 0x00, 0x00, 0x00, 0x00, 0x00, 0x00, 0x00, 0xF8, 0x02, 0x0C, 0x03, 0x06, 0x02, 0x06, 0x02, 0x06, 0x00, 0x0E, 0x00, 0x3C, 0x00, 0xF8, 0x00, 0xE0, 0x03, 0x80, 0x03, 0x00, 0x07, 0x02, 0x06, 0x02, 0x06, 0x06, 0x06, 0x0C, 0x03, 0xF0, 0x01, 0x00, 0x00, 0x00, 0x00, 0x00, 0x00}, /*"S",51*/
    {0x00, 0x00, 0x00, 0x00, 0x00, 0x00, 0x00, 0x00, 0x00, 0x00, 0xFE, 0x07, 0x62, 0x04, 0x61, 0x08, 0x61, 0x08, 0x60, 0x00, 0x60, 0x00, 0x60, 0x00, 0x60, 0x00, 0x60, 0x00, 0x60, 0x00, 0x60, 0x00, 0x60, 0x00, 0x60, 0x00, 0x60, 0x00, 0x60, 0x00, 0xF8, 0x01, 0x00, 0x00, 0x00, 0x00, 0x00, 0x00}, /*"T",52*/
    {0x00, 0x00, 0x00, 0x00, 0x00, 0x00, 0x00, 0x00, 0x00, 0x00, 0x1E, 0x07, 0x0C, 0x02, 0x0C, 0x02, 0x0C, 0x02, 0x0C, 0x02, 0x0C, 0x02, 0x0C, 0x02, 0x0C, 0x02, 0x0C, 0x02, 0x0C, 0x02, 0x0C, 0x02, 0x0C, 0x02, 0x0C, 0x02, 0x0C, 0x02, 0x18, 0x01, 0xF0, 0x00, 0x00, 0x00, 0x00, 0x00, 0x00, 0x00}, /*"U",53*/
    {0x00, 0x00, 0x00, 0x00, 0x00, 0x00, 0x00, 0x00, 0x00, 0x00, 0x0F, 0x07, 0x06, 0x02, 0x04, 0x01, 0x04, 0x01, 0x0C, 0x01, 0x0C, 0x01, 0x88, 0x00, 0x88, 0x00, 0x98, 0x00, 0x98, 0x00, 0x50, 0x00, 0x50, 0x00, 0x70, 0x00, 0x30, 0x00, 0x20, 0x00, 0x20, 0x00, 0x00, 0x00, 0x00, 0x00, 0x00, 0x00}, /*"V",54*/
    {0x00, 0x00, 0x00, 0x00, 0x00, 0x00, 0x00, 0x00, 0x00, 0x00, 0xF7, 0x0E, 0x62, 0x04, 0x42, 0x04, 0x46, 0x04, 0x46, 0x04, 0x64, 0x02, 0x64, 0x02, 0xE4, 0x02, 0xE4, 0x02, 0x9C, 0x02, 0x9C, 0x01, 0x98, 0x01, 0x98, 0x01, 0x88, 0x01, 0x88, 0x00, 0x88, 0x00, 0x00, 0x00, 0x00, 0x00, 0x00, 0x00}, /*"W",55*/
    {0x00, 0x00, 0x00, 0x00, 0x00, 0x00, 0x00, 0x00, 0x00, 0x00, 0x9E, 0x07, 0x0C, 0x01, 0x08, 0x01, 0x18, 0x01, 0x90, 0x00, 0xB0, 0x00, 0x60, 0x00, 0x20, 0x00, 0x60, 0x00, 0x60, 0x00, 0xD0, 0x00, 0x90, 0x00, 0x88, 0x01, 0x08, 0x01, 0x04, 0x03, 0x8E, 0x07, 0x00, 0x00, 0x00, 0x00, 0x00, 0x00}, /*"X",56*/
    {0x00, 0x00, 0x00, 0x00, 0x00, 0x00, 0x00, 0x00, 0x00, 0x00, 0x0F, 0x0F, 0x06, 0x04, 0x04, 0x02, 0x0C, 0x02, 0x08, 0x01, 0x18, 0x01, 0xB8, 0x00, 0xB0, 0x00, 0x70, 0x00, 0x60, 0x00, 0x60, 0x00, 0x60, 0x00, 0x60, 0x00, 0x60, 0x00, 0x60, 0x00, 0xF8, 0x01, 0x00, 0x00, 0x00, 0x00, 0x00, 0x00}, /*"Y",57*/
    {0x00, 0x00, 0x00, 0x00, 0x00, 0x00, 0x00, 0x00, 0x00, 0x00, 0xFC, 0x07, 0x0C, 0x02, 0x06, 0x03, 0x02, 0x01, 0x80, 0x01, 0x80, 0x00, 0x40, 0x00, 0x40, 0x00, 0x20, 0x00, 0x20, 0x00, 0x10, 0x00, 0x18, 0x00, 0x08, 0x04, 0x0C, 0x04, 0x04, 0x02, 0xFE, 0x03, 0x00, 0x00, 0x00, 0x00, 0x00, 0x00}, /*"Z",58*/
    {0x00, 0x00, 0x00, 0x00, 0xE0, 0x03, 0x20, 0x00, 0x20, 0x00, 0x20, 0x00, 0x20, 0x00, 0x20, 0x00, 0x20, 0x00, 0x20, 0x00, 0x20, 0x00, 0x20, 0x00, 0x20, 0x00, 0x20, 0x00, 0x20, 0x00, 0x20, 0x00, 0x20, 0x00, 0x20, 0x00, 0x20, 0x00, 0x20, 0x00, 0x20, 0x00, 0x20, 0x00, 0xE0, 0x03, 0x00, 0x00}, /*"[",59*/
    {0x00, 0x00, 0x00, 0x00, 0x00, 0x00, 0x00, 0x00, 0x04, 0x00, 0x04, 0x00, 0x08, 0x00, 0x08, 0x00, 0x10, 0x00, 0x10, 0x00, 0x10, 0x00, 0x20, 0x00, 0x20, 0x00, 0x40, 0x00, 0x40, 0x00, 0xC0, 0x00, 0x80, 0x00, 0x80, 0x00, 0x00, 0x01, 0x00, 0x01, 0x00, 0x02, 0x00, 0x02, 0x00, 0x02, 0x00, 0x04}, /*"\",60*/
    {0x00, 0x00, 0x00, 0x00, 0x7C, 0x00, 0x40, 0x00, 0x40, 0x00, 0x40, 0x00, 0x40, 0x00, 0x40, 0x00, 0x40, 0x00, 0x40, 0x00, 0x40, 0x00, 0x40, 0x00, 0x40, 0x00, 0x40, 0x00, 0x40, 0x00, 0x40, 0x00, 0x40, 0x00, 0x40, 0x00, 0x40, 0x00, 0x40, 0x00, 0x40, 0x00, 0x40, 0x00, 0x7C, 0x00, 0x00, 0x00}, /*"]",61*/
    {0x00, 0x00, 0x60, 0x00, 0x90, 0x00, 0x08, 0x01, 0x00, 0x00, 0x00, 0x00, 0x00, 0x00, 0x00, 0x00, 0x00, 0x00, 0x00, 0x00, 0x00, 0x00, 0x00, 0x00, 0x00, 0x00, 0x00, 0x00, 0x00, 0x00, 0x00, 0x00, 0x00, 0x00, 0x00, 0x00, 0x00, 0x00, 0x00, 0x00, 0x00, 0x00, 0x00, 0x00, 0x00, 0x00, 0x00, 0x00}, /*"^",62*/
    {0x00, 0x00, 0x00, 0x00, 0x00, 0x00, 0x00, 0x00, 0x00, 0x00, 0x00, 0x00, 0x00, 0x00, 0x00, 0x00, 0x00, 0x00, 0x00, 0x00, 0x00, 0x00, 0x00, 0x00, 0x00, 0x00, 0x00, 0x00, 0x00, 0x00, 0x00, 0x00, 0x00, 0x00, 0x00, 0x00, 0x00, 0x00, 0x00, 0x00, 0x00, 0x00, 0x00, 0x00, 0x00, 0x00, 0xFF, 0x0F}, /*"_",63*/
    {0x00, 0x00, 0x00, 0x00, 0x18, 0x00, 0x60, 0x00, 0x00, 0x00, 0x00, 0x00, 0x00, 0x00, 0x00, 0x00, 0x00, 0x00, 0x00, 0x00, 0x00, 0x00, 0x00, 0x00, 0x00, 0x00, 0x00, 0x00, 0x00, 0x00, 0x00, 0x00, 0x00, 0x00, 0x00, 0x00, 0x00, 0x00, 0x00, 0x00, 0x00, 0x00, 0x00, 0x00, 0x00, 0x00, 0x00, 0x00}, /*"`",64*/
    {0x00, 0x00, 0x00, 0x00, 0x00, 0x00, 0x00, 0x00, 0x00, 0x00, 0x00, 0x00, 0x00, 0x00, 0x00, 0x00, 0x00, 0x00, 0x00, 0x00, 0xF0, 0x01, 0x0C, 0x03, 0x0C, 0x03, 0x00, 0x03, 0xE0, 0x03, 0x1C, 0x03, 0x0E, 0x03, 0x06, 0x03, 0x06, 0x03, 0x8E, 0x0B, 0x7C, 0x0E, 0x00, 0x00, 0x00, 0x00, 0x00, 0x00}, /*"a",65*/
    {0x00, 0x00, 0x00, 0x00, 0x00, 0x00, 0x00, 0x00, 0x08, 0x00, 0x0E, 0x00, 0x0C, 0x00, 0x0C, 0x00, 0x0C, 0x00, 0x0C, 0x00, 0xCC, 0x01, 0x3C, 0x03, 0x1C, 0x06, 0x0C, 0x06, 0x0C, 0x06, 0x0C, 0x06, 0x0C, 0x06, 0x0C, 0x06, 0x0C, 0x02, 0x1C, 0x03, 0xE4, 0x01, 0x00, 0x00, 0x00, 0x00, 0x00, 0x00}, /*"b",66*/
    {0x00, 0x00, 0x00, 0x00, 0x00, 0x00, 0x00, 0x00, 0x00, 0x00, 0x00, 0x00, 0x00, 0x00, 0x00, 0x00, 0x00, 0x00, 0x00, 0x00, 0xF0, 0x00, 0x8C, 0x01, 0x8C, 0x01, 0x86, 0x01, 0x06, 0x00, 0x06, 0x00, 0x06, 0x00, 0x06, 0x02, 0x0C, 0x02, 0x0C, 0x01, 0xF0, 0x00, 0x00, 0x00, 0x00, 0x00, 0x00, 0x00}, /*"c",67*/
    {0x00, 0x00, 0x00, 0x00, 0x00, 0x00, 0x00, 0x00, 0x00, 0x02, 0xC0, 0x03, 0x00, 0x03, 0x00, 0x03, 0x00, 0x03, 0x00, 0x03, 0x78, 0x03, 0x8C, 0x03, 0x0C, 0x03, 0x06, 0x03, 0x06, 0x03, 0x06, 0x03, 0x06, 0x03, 0x06, 0x03, 0x04, 0x03, 0x8C, 0x07, 0x78, 0x01, 0x00, 0x00, 0x00, 0x00, 0x00, 0x00}, /*"d",68*/
    {0x00, 0x00, 0x00, 0x00, 0x00, 0x00, 0x00, 0x00, 0x00, 0x00, 0x00, 0x00, 0x00, 0x00, 0x00, 0x00, 0x00, 0x00, 0x00, 0x00, 0xE0, 0x01, 0x18, 0x03, 0x08, 0x02, 0x0C, 0x06, 0x0C, 0x06, 0xFC, 0x07, 0x0C, 0x00, 0x0C, 0x00, 0x18, 0x04, 0x18, 0x02, 0xE0, 0x01, 0x00, 0x00, 0x00, 0x00, 0x00, 0x00}, /*"e",69*/
    {0x00, 0x00, 0x00, 0x00, 0x00, 0x00, 0x00, 0x00, 0x00, 0x00, 0xC0, 0x03, 0x60, 0x06, 0x30, 0x06, 0x30, 0x00, 0x30, 0x00, 0xFE, 0x01, 0x30, 0x00, 0x30, 0x00, 0x30, 0x00, 0x30, 0x00, 0x30, 0x00, 0x30, 0x00, 0x30, 0x00, 0x30, 0x00, 0x30, 0x00, 0xFC, 0x01, 0x00, 0x00, 0x00, 0x00, 0x00, 0x00}, /*"f",70*/
    {0x00, 0x00, 0x00, 0x00, 0x00, 0x00, 0x00, 0x00, 0x00, 0x00, 0x00, 0x00, 0x00, 0x00, 0x00, 0x00, 0x00, 0x00, 0x00, 0x00, 0xF0, 0x07, 0xD8, 0x06, 0x8C, 0x01, 0x8C, 0x01, 0x8C, 0x01, 0x98, 0x01, 0xF8, 0x00, 0x0C, 0x00, 0xFC, 0x00, 0xCC, 0x03, 0x06, 0x03, 0x06, 0x03, 0x8E, 0x03, 0xF8, 0x00}, /*"g",71*/
    {0x00, 0x00, 0x00, 0x00, 0x00, 0x00, 0x00, 0x00, 0x08, 0x00, 0x0E, 0x00, 0x0C, 0x00, 0x0C, 0x00, 0x0C, 0x00, 0x0C, 0x00, 0xEC, 0x01, 0x1C, 0x03, 0x0C, 0x03, 0x0C, 0x03, 0x0C, 0x03, 0x0C, 0x03, 0x0C, 0x03, 0x0C, 0x03, 0x0C, 0x03, 0x0C, 0x03, 0x9E, 0x07, 0x00, 0x00, 0x00, 0x00, 0x00, 0x00}, /*"h",72*/
    {0x00, 0x00, 0x00, 0x00, 0x00, 0x00, 0x00, 0x00, 0x00, 0x00, 0x60, 0x00, 0x60, 0x00, 0x00, 0x00, 0x00, 0x00, 0x40, 0x00, 0x7C, 0x00, 0x60, 0x00, 0x60, 0x00, 0x60, 0x00, 0x60, 0x00, 0x60, 0x00, 0x60, 0x00, 0x60, 0x00, 0x60, 0x00, 0x60, 0x00, 0xFC, 0x03, 0x00, 0x00, 0x00, 0x00, 0x00, 0x00}, /*"i",73*/
    {0x00, 0x00, 0x00, 0x00, 0x00, 0x00, 0x00, 0x00, 0x00, 0x00, 0xC0, 0x01, 0xC0, 0x01, 0x00, 0x00, 0x00, 0x00, 0x00, 0x01, 0xF0, 0x01, 0x80, 0x01, 0x80, 0x01, 0x80, 0x01, 0x80, 0x01, 0x80, 0x01, 0x80, 0x01, 0x80, 0x01, 0x80, 0x01, 0x80, 0x01, 0x80, 0x01, 0x80, 0x01, 0xCC, 0x00, 0x7C, 0x00}, /*"j",74*/
    {0x00, 0x00, 0x00, 0x00, 0x00, 0x00, 0x00, 0x00, 0x08, 0x00, 0x0E, 0x00, 0x0C, 0x00, 0x0C, 0x00, 0x0C, 0x00, 0x0C, 0x00, 0x8C, 0x03, 0x8C, 0x00, 0x8C, 0x00, 0x4C, 0x00, 0x6C, 0x00, 0x5C, 0x00, 0x8C, 0x00, 0x8C, 0x01, 0x0C, 0x01, 0x0C, 0x03, 0x9E, 0x07, 0x00, 0x00, 0x00, 0x00, 0x00, 0x00}, /*"k",75*/
    {0x00, 0x00, 0x00, 0x00, 0x00, 0x00, 0x00, 0x00, 0x40, 0x00, 0x7C, 0x00, 0x60, 0x00, 0x60, 0x00, 0x60, 0x00, 0x60, 0x00, 0x60, 0x00, 0x60, 0x00, 0x60, 0x00, 0x60, 0x00, 0x60, 0x00, 0x60, 0x00, 0x60, 0x00, 0x60, 0x00, 0x60, 0x00, 0x60, 0x00, 0xFC, 0x03, 0x00, 0x00, 0x00, 0x00, 0x00, 0x00}, /*"l",76*/
    {0x00, 0x00, 0x00, 0x00, 0x00, 0x00, 0x00, 0x00, 0x00, 0x00, 0x00, 0x00, 0x00, 0x00, 0x00, 0x00, 0x00, 0x00, 0x00, 0x00, 0x37, 0x07, 0xEE, 0x06, 0x66, 0x06, 0x66, 0x06, 0x66, 0x06, 0x66, 0x06, 0x66, 0x06, 0x66, 0x06, 0x66, 0x06, 0x66, 0x06, 0xFF, 0x0F, 0x00, 0x00, 0x00, 0x00, 0x00, 0x00}, /*"m",77*/
    {0x00, 0x00, 0x00, 0x00, 0x00, 0x00, 0x00, 0x00, 0x00, 0x00, 0x00, 0x00, 0x00, 0x00, 0x00, 0x00, 0x00, 0x00, 0x00, 0x00, 0xEE, 0x01, 0x1C, 0x03, 0x0C, 0x03, 0x0C, 0x03, 0x0C, 0x03, 0x0C, 0x03, 0x0C, 0x03, 0x0C, 0x03, 0x0C, 0x03, 0x0C, 0x03, 0x9E, 0x07, 0x00, 0x00, 0x00, 0x00, 0x00, 0x00}, /*"n",78*/
    {0x00, 0x00, 0x00, 0x00, 0x00, 0x00, 0x00, 0x00, 0x00, 0x00, 0x00, 0x00, 0x00, 0x00, 0x00, 0x00, 0x00, 0x00, 0x00, 0x00, 0xF0, 0x00, 0x98, 0x01, 0x0C, 0x03, 0x06, 0x06, 0x06, 0x06, 0x06, 0x06, 0x06, 0x06, 0x06, 0x06, 0x0C, 0x03, 0x0C, 0x03, 0xF0, 0x00, 0x00, 0x00, 0x00, 0x00, 0x00, 0x00}, /*"o",79*/
    {0x00, 0x00, 0x00, 0x00, 0x00, 0x00, 0x00, 0x00, 0x00, 0x00, 0x00, 0x00, 0x00, 0x00, 0x00, 0x00, 0x00, 0x00, 0x00, 0x00, 0xEE, 0x01, 0x1C, 0x03, 0x0C, 0x06, 0x0C, 0x06, 0x0C, 0x06, 0x0C, 0x06, 0x0C, 0x06, 0x0C, 0x06, 0x0C, 0x03, 0x1C, 0x03, 0xEC, 0x01, 0x0C, 0x00, 0x0C, 0x00, 0x3E, 0x00}, /*"p",80*/
    {0x00, 0x00, 0x00, 0x00, 0x00, 0x00, 0x00, 0x00, 0x00, 0x00, 0x00, 0x00, 0x00, 0x00, 0x00, 0x00, 0x00, 0x00, 0x00, 0x00, 0x78, 0x02, 0x8C, 0x03, 0x0C, 0x03, 0x06, 0x03, 0x06, 0x03, 0x06, 0x03, 0x06, 0x03, 0x06, 0x03, 0x04, 0x03, 0x8C, 0x03, 0x78, 0x03, 0x00, 0x03, 0x00, 0x03, 0xC0, 0x07}, /*"q",81*/
    {0x00, 0x00, 0x00, 0x00, 0x00, 0x00, 0x00, 0x00, 0x00, 0x00, 0x00, 0x00, 0x00, 0x00, 0x00, 0x00, 0x00, 0x00, 0x00, 0x00, 0x9F, 0x03, 0x58, 0x06, 0x38, 0x06, 0x18, 0x00, 0x18, 0x00, 0x18, 0x00, 0x18, 0x00, 0x18, 0x00, 0x18, 0x00, 0x18, 0x00, 0xFF, 0x00, 0x00, 0x00, 0x00, 0x00, 0x00, 0x00}, /*"r",82*/
    {0x00, 0x00, 0x00, 0x00, 0x00, 0x00, 0x00, 0x00, 0x00, 0x00, 0x00, 0x00, 0x00, 0x00, 0x00, 0x00, 0x00, 0x00, 0x00, 0x00, 0xF0, 0x03, 0x1C, 0x03, 0x0C, 0x02, 0x0C, 0x02, 0x38, 0x00, 0xF0, 0x00, 0xC0, 0x03, 0x04, 0x03, 0x04, 0x03, 0x8C, 0x03, 0xFC, 0x01, 0x00, 0x00, 0x00, 0x00, 0x00, 0x00}, /*"s",83*/
    {0x00, 0x00, 0x00, 0x00, 0x00, 0x00, 0x00, 0x00, 0x00, 0x00, 0x00, 0x00, 0x20, 0x00, 0x20, 0x00, 0x30, 0x00, 0x30, 0x00, 0xFE, 0x01, 0x30, 0x00, 0x30, 0x00, 0x30, 0x00, 0x30, 0x00, 0x30, 0x00, 0x30, 0x00, 0x30, 0x00, 0x30, 0x02, 0x30, 0x02, 0xE0, 0x01, 0x00, 0x00, 0x00, 0x00, 0x00, 0x00}, /*"t",84*/
    {0x00, 0x00, 0x00, 0x00, 0x00, 0x00, 0x00, 0x00, 0x00, 0x00, 0x00, 0x00, 0x00, 0x00, 0x00, 0x00, 0x00, 0x00, 0x08, 0x02, 0x8E, 0x03, 0x0C, 0x03, 0x0C, 0x03, 0x0C, 0x03, 0x0C, 0x03, 0x0C, 0x03, 0x0C, 0x03, 0x0C, 0x03, 0x0C, 0x03, 0x9C, 0x07, 0x78, 0x01, 0x00, 0x00, 0x00, 0x00, 0x00, 0x00}, /*"u",85*/
    {0x00, 0x00, 0x00, 0x00, 0x00, 0x00, 0x00, 0x00, 0x00, 0x00, 0x00, 0x00, 0x00, 0x00, 0x00, 0x00, 0x00, 0x00, 0x00, 0x00, 0x1E, 0x07, 0x0C, 0x02, 0x08, 0x01, 0x08, 0x01, 0x18, 0x01, 0x90, 0x00, 0xB0, 0x00, 0xB0, 0x00, 0x60, 0x00, 0x60, 0x00, 0x20, 0x00, 0x00, 0x00, 0x00, 0x00, 0x00, 0x00}, /*"v",86*/
    {0x00, 0x00, 0x00, 0x00, 0x00, 0x00, 0x00, 0x00, 0x00, 0x00, 0x00, 0x00, 0x00, 0x00, 0x00, 0x00, 0x00, 0x00, 0x00, 0x00, 0xF7, 0x0E, 0x62, 0x04, 0x46, 0x04, 0x64, 0x02, 0x64, 0x02, 0xEC, 0x02, 0x9C, 0x01, 0x98, 0x01, 0x98, 0x01, 0x98, 0x01, 0x08, 0x00, 0x00, 0x00, 0x00, 0x00, 0x00, 0x00}, /*"w",87*/
    {0x00, 0x00, 0x00, 0x00, 0x00, 0x00, 0x00, 0x00, 0x00, 0x00, 0x00, 0x00, 0x00, 0x00, 0x00, 0x00, 0x00, 0x00, 0x00, 0x00, 0xBC, 0x07, 0x18, 0x01, 0x10, 0x01, 0xB0, 0x00, 0x60, 0x00, 0x60, 0x00, 0xE0, 0x00, 0x90, 0x00, 0x08, 0x01, 0x08, 0x03, 0x9E, 0x07, 0x00, 0x00, 0x00, 0x00, 0x00, 0x00}, /*"x",88*/
    {0x00, 0x00, 0x00, 0x00, 0x00, 0x00, 0x00, 0x00, 0x00, 0x00, 0x00, 0x00, 0x00, 0x00, 0x00, 0x00, 0x00, 0x00, 0x00, 0x00, 0x9E, 0x07, 0x08, 0x01, 0x08, 0x01, 0x08, 0x01, 0x90, 0x00, 0x90, 0x00, 0xB0, 0x00, 0x60, 0x00, 0x60, 0x00, 0x60, 0x00, 0x20, 0x00, 0x20, 0x00, 0x24, 0x00, 0x1C, 0x00}, /*"y",89*/
    {0x00, 0x00, 0x00, 0x00, 0x00, 0x00, 0x00, 0x00, 0x00, 0x00, 0x00, 0x00, 0x00, 0x00, 0x00, 0x00, 0x00, 0x00, 0x00, 0x00, 0xFC, 0x01, 0x84, 0x01, 0xC4, 0x00, 0x44, 0x00, 0x60, 0x00, 0x20, 0x00, 0x30, 0x00, 0x18, 0x02, 0x08, 0x02, 0x0C, 0x03, 0xFC, 0x01, 0x00, 0x00, 0x00, 0x00, 0x00, 0x00}, /*"z",90*/
    {0x00, 0x00, 0x00, 0x00, 0x00, 0x03, 0x80, 0x00, 0x80, 0x00, 0x80, 0x00, 0x80, 0x00, 0x80, 0x00, 0x80, 0x00, 0x80, 0x00, 0x80, 0x00, 0x40, 0x00, 0x20, 0x00, 0x40, 0x00, 0x80, 0x00, 0x80, 0x00, 0x80, 0x00, 0x80, 0x00, 0x80, 0x00, 0x80, 0x00, 0x80, 0x00, 0x80, 0x00, 0x00, 0x03, 0x00, 0x00}, /*"{",91*/
    {0x40, 0x00, 0x40, 0x00, 0x40, 0x00, 0x40, 0x00, 0x40, 0x00, 0x40, 0x00, 0x40, 0x00, 0x40, 0x00, 0x40, 0x00, 0x40, 0x00, 0x40, 0x00, 0x40, 0x00, 0x40, 0x00, 0x40, 0x00, 0x40, 0x00, 0x40, 0x00, 0x40, 0x00, 0x40, 0x00, 0x40, 0x00, 0x40, 0x00, 0x40, 0x00, 0x40, 0x00, 0x40, 0x00, 0x40, 0x00}, /*"|",92*/
    {0x00, 0x00, 0x00, 0x00, 0x0C, 0x00, 0x10, 0x00, 0x10, 0x00, 0x10, 0x00, 0x10, 0x00, 0x10, 0x00, 0x10, 0x00, 0x10, 0x00, 0x10, 0x00, 0x20, 0x00, 0x40, 0x00, 0x20, 0x00, 0x10, 0x00, 0x10, 0x00, 0x10, 0x00, 0x10, 0x00, 0x10, 0x00, 0x10, 0x00, 0x10, 0x00, 0x10, 0x00, 0x0C, 0x00, 0x00, 0x00}, /*"}",93*/
    {0x00, 0x00, 0x1C, 0x00, 0x22, 0x04, 0xC2, 0x04, 0x80, 0x03, 0x00, 0x00, 0x00, 0x00, 0x00, 0x00, 0x00, 0x00, 0x00, 0x00, 0x00, 0x00, 0x00, 0x00, 0x00, 0x00, 0x00, 0x00, 0x00, 0x00, 0x00, 0x00, 0x00, 0x00, 0x00, 0x00, 0x00, 0x00, 0x00, 0x00, 0x00, 0x00, 0x00, 0x00, 0x00, 0x00, 0x00, 0x00}, /*"~",94*/
};

/** 16*32字体 */
const unsigned char ascii_3216[][64] = {
    {0x00, 0x00, 0x00, 0x00, 0x00, 0x00, 0x00, 0x00, 0x00, 0x00, 0x00, 0x00, 0x00, 0x00, 0x00, 0x00, 0x00, 0x00, 0x00, 0x00, 0x00, 0x00, 0x00, 0x00, 0x00, 0x00, 0x00, 0x00, 0x00, 0x00, 0x00, 0x00, 0x00, 0x00, 0x00, 0x00, 0x00, 0x00, 0x00, 0x00, 0x00, 0x00, 0x00, 0x00, 0x00, 0x00, 0x00, 0x00, 0x00, 0x00, 0x00, 0x00, 0x00, 0x00, 0x00, 0x00, 0x00, 0x00, 0x00, 0x00, 0x00, 0x00, 0x00, 0x00}, /*" ",0*/
    {0x00, 0x00, 0x00, 0x00, 0x00, 0x00, 0x00, 0x00, 0x00, 0x00, 0xC0, 0x01, 0xC0, 0x01, 0xC0, 0x01, 0xC0, 0x01, 0xC0, 0x01, 0xC0, 0x01, 0xC0, 0x01, 0x80, 0x00, 0x80, 0x00, 0x80, 0x00, 0x80, 0x00, 0x80, 0x00, 0x80, 0x00, 0x80, 0x00, 0x00, 0x00, 0x00, 0x00, 0x00, 0x00, 0x00, 0x00, 0x80, 0x01, 0xC0, 0x03, 0xC0, 0x03, 0x80, 0x01, 0x00, 0x00, 0x00, 0x00, 0x00, 0x00, 0x00, 0x00, 0x00, 0x00}, /*"!",1*/
    {0x00, 0x00, 0x00, 0x00, 0x00, 0x00, 0xE0, 0x1C, 0xE0, 0x1C, 0xF0, 0x1E, 0x70, 0x0E, 0x38, 0x07, 0x18, 0x03, 0x08, 0x01, 0x84, 0x00, 0x00, 0x00, 0x00, 0x00, 0x00, 0x00, 0x00, 0x00, 0x00, 0x00, 0x00, 0x00, 0x00, 0x00, 0x00, 0x00, 0x00, 0x00, 0x00, 0x00, 0x00, 0x00, 0x00, 0x00, 0x00, 0x00, 0x00, 0x00, 0x00, 0x00, 0x00, 0x00, 0x00, 0x00, 0x00, 0x00, 0x00, 0x00, 0x00, 0x00, 0x00, 0x00}, /*""",2*/
    {0x00, 0x00, 0x00, 0x00, 0x00, 0x00, 0x00, 0x00, 0x00, 0x00, 0x00, 0x00, 0x20, 0x10, 0x20, 0x10, 0x20, 0x10, 0x20, 0x10, 0x20, 0x10, 0xFE, 0x7F, 0xFE, 0x7F, 0x10, 0x08, 0x10, 0x08, 0x10, 0x08, 0x10, 0x08, 0x10, 0x08, 0x10, 0x08, 0x10, 0x08, 0xFE, 0x7F, 0xFE, 0x7F, 0x08, 0x04, 0x08, 0x04, 0x08, 0x04, 0x08, 0x04, 0x08, 0x04, 0x00, 0x00, 0x00, 0x00, 0x00, 0x00, 0x00, 0x00, 0x00, 0x00}, /*"#",3*/
    {0x00, 0x00, 0x00, 0x00, 0x00, 0x00, 0x00, 0x00, 0x00, 0x01, 0x00, 0x01, 0xC0, 0x07, 0x60, 0x19, 0x10, 0x31, 0x18, 0x31, 0x18, 0x39, 0x18, 0x39, 0x38, 0x01, 0x70, 0x01, 0xE0, 0x01, 0xC0, 0x03, 0x80, 0x07, 0x00, 0x0F, 0x00, 0x1D, 0x00, 0x39, 0x00, 0x31, 0x1C, 0x31, 0x1C, 0x31, 0x0C, 0x31, 0x0C, 0x11, 0x18, 0x0D, 0xE0, 0x07, 0x00, 0x01, 0x00, 0x01, 0x00, 0x01, 0x00, 0x00, 0x00, 0x00}, /*"$",4*/
    {0x00, 0x00, 0x00, 0x00, 0x00, 0x00, 0x00, 0x00, 0x00, 0x00, 0x00, 0x00, 0x1C, 0x10, 0x36, 0x18, 0x63, 0x08, 0x63, 0x0C, 0x63, 0x04, 0x63, 0x04, 0x63, 0x02, 0x63, 0x02, 0x63, 0x01, 0x36, 0x1D, 0x9C, 0x37, 0x80, 0x22, 0x80, 0x63, 0x40, 0x63, 0x40, 0x63, 0x20, 0x63, 0x20, 0x63, 0x30, 0x63, 0x10, 0x22, 0x18, 0x36, 0x08, 0x1C, 0x00, 0x00, 0x00, 0x00, 0x00, 0x00, 0x00, 0x00, 0x00, 0x00}, /*"%",5*/
    {0x00, 0x00, 0x00, 0x00, 0x00, 0x00, 0x00, 0x00, 0x00, 0x00, 0x00, 0x00, 0xF0, 0x00, 0x98, 0x01, 0x8C, 0x01, 0x8C, 0x01, 0x8C, 0x01, 0x8C, 0x01, 0x8C, 0x00, 0xCC, 0x00, 0x78, 0x00, 0x18, 0x3E, 0x1C, 0x08, 0x36, 0x08, 0x32, 0x08, 0x63, 0x04, 0x63, 0x04, 0xC3, 0x04, 0xC3, 0x03, 0x83, 0x43, 0x06, 0x43, 0x8E, 0x26, 0x78, 0x1C, 0x00, 0x00, 0x00, 0x00, 0x00, 0x00, 0x00, 0x00, 0x00, 0x00}, /*"&",6*/
    {0x00, 0x00, 0x00, 0x00, 0x00, 0x00, 0x1C, 0x00, 0x3C, 0x00, 0x3C, 0x00, 0x30, 0x00, 0x30, 0x00, 0x10, 0x00, 0x0C, 0x00, 0x06, 0x00, 0x00, 0x00, 0x00, 0x00, 0x00, 0x00, 0x00, 0x00, 0x00, 0x00, 0x00, 0x00, 0x00, 0x00, 0x00, 0x00, 0x00, 0x00, 0x00, 0x00, 0x00, 0x00, 0x00, 0x00, 0x00, 0x00, 0x00, 0x00, 0x00, 0x00, 0x00, 0x00, 0x00, 0x00, 0x00, 0x00, 0x00, 0x00, 0x00, 0x00, 0x00, 0x00}, /*"'",7*/
    {0x00, 0x00, 0x00, 0x00, 0x00, 0x00, 0x00, 0x40, 0x00, 0x20, 0x00, 0x10, 0x00, 0x08, 0x00, 0x0C, 0x00, 0x04, 0x00, 0x06, 0x00, 0x03, 0x00, 0x03, 0x00, 0x03, 0x80, 0x01, 0x80, 0x01, 0x80, 0x01, 0x80, 0x01, 0x80, 0x01, 0x80, 0x01, 0x80, 0x01, 0x80, 0x01, 0x00, 0x03, 0x00, 0x03, 0x00, 0x03, 0x00, 0x06, 0x00, 0x06, 0x00, 0x0C, 0x00, 0x08, 0x00, 0x10, 0x00, 0x20, 0x00, 0x40, 0x00, 0x00}, /*"(",8*/
    {0x00, 0x00, 0x00, 0x00, 0x00, 0x00, 0x02, 0x00, 0x04, 0x00, 0x08, 0x00, 0x10, 0x00, 0x30, 0x00, 0x20, 0x00, 0x60, 0x00, 0xC0, 0x00, 0xC0, 0x00, 0xC0, 0x00, 0x80, 0x01, 0x80, 0x01, 0x80, 0x01, 0x80, 0x01, 0x80, 0x01, 0x80, 0x01, 0x80, 0x01, 0x80, 0x01, 0xC0, 0x00, 0xC0, 0x00, 0xC0, 0x00, 0x60, 0x00, 0x60, 0x00, 0x30, 0x00, 0x10, 0x00, 0x08, 0x00, 0x04, 0x00, 0x02, 0x00, 0x00, 0x00}, /*")",9*/
    {0x00, 0x00, 0x00, 0x00, 0x00, 0x00, 0x00, 0x00, 0x00, 0x00, 0x00, 0x00, 0x00, 0x00, 0x00, 0x00, 0x00, 0x01, 0x80, 0x03, 0x80, 0x03, 0x00, 0x01, 0x1C, 0x71, 0x3C, 0x79, 0x78, 0x3D, 0xC0, 0x07, 0x00, 0x01, 0xC0, 0x07, 0x78, 0x3D, 0x3C, 0x79, 0x1C, 0x71, 0x00, 0x01, 0x80, 0x03, 0x80, 0x03, 0x80, 0x01, 0x00, 0x00, 0x00, 0x00, 0x00, 0x00, 0x00, 0x00, 0x00, 0x00, 0x00, 0x00, 0x00, 0x00}, /*"*",10*/
    {0x00, 0x00, 0x00, 0x00, 0x00, 0x00, 0x00, 0x00, 0x00, 0x00, 0x00, 0x00, 0x00, 0x00, 0x00, 0x00, 0x00, 0x00, 0x00, 0x01, 0x00, 0x01, 0x00, 0x01, 0x00, 0x01, 0x00, 0x01, 0x00, 0x01, 0x00, 0x01, 0xFC, 0x7F, 0x00, 0x01, 0x00, 0x01, 0x00, 0x01, 0x00, 0x01, 0x00, 0x01, 0x00, 0x01, 0x00, 0x01, 0x00, 0x00, 0x00, 0x00, 0x00, 0x00, 0x00, 0x00, 0x00, 0x00, 0x00, 0x00, 0x00, 0x00, 0x00, 0x00}, /*"+",11*/
    {0x00, 0x00, 0x00, 0x00, 0x00, 0x00, 0x00, 0x00, 0x00, 0x00, 0x00, 0x00, 0x00, 0x00, 0x00, 0x00, 0x00, 0x00, 0x00, 0x00, 0x00, 0x00, 0x00, 0x00, 0x00, 0x00, 0x00, 0x00, 0x00, 0x00, 0x00, 0x00, 0x00, 0x00, 0x00, 0x00, 0x00, 0x00, 0x00, 0x00, 0x00, 0x00, 0x00, 0x00, 0x00, 0x00, 0x00, 0x00, 0x1C, 0x00, 0x3C, 0x00, 0x3C, 0x00, 0x30, 0x00, 0x30, 0x00, 0x10, 0x00, 0x0C, 0x00, 0x06, 0x00}, /*",",12*/
    {0x00, 0x00, 0x00, 0x00, 0x00, 0x00, 0x00, 0x00, 0x00, 0x00, 0x00, 0x00, 0x00, 0x00, 0x00, 0x00, 0x00, 0x00, 0x00, 0x00, 0x00, 0x00, 0x00, 0x00, 0x00, 0x00, 0x00, 0x00, 0x00, 0x00, 0x00, 0x00, 0xFE, 0x7F, 0x00, 0x00, 0x00, 0x00, 0x00, 0x00, 0x00, 0x00, 0x00, 0x00, 0x00, 0x00, 0x00, 0x00, 0x00, 0x00, 0x00, 0x00, 0x00, 0x00, 0x00, 0x00, 0x00, 0x00, 0x00, 0x00, 0x00, 0x00, 0x00, 0x00}, /*"-",13*/
    {0x00, 0x00, 0x00, 0x00, 0x00, 0x00, 0x00, 0x00, 0x00, 0x00, 0x00, 0x00, 0x00, 0x00, 0x00, 0x00, 0x00, 0x00, 0x00, 0x00, 0x00, 0x00, 0x00, 0x00, 0x00, 0x00, 0x00, 0x00, 0x00, 0x00, 0x00, 0x00, 0x00, 0x00, 0x00, 0x00, 0x00, 0x00, 0x00, 0x00, 0x00, 0x00, 0x00, 0x00, 0x00, 0x00, 0x18, 0x00, 0x3C, 0x00, 0x3C, 0x00, 0x18, 0x00, 0x00, 0x00, 0x00, 0x00, 0x00, 0x00, 0x00, 0x00, 0x00, 0x00}, /*".",14*/
    {0x00, 0x00, 0x00, 0x00, 0x00, 0x00, 0x00, 0x40, 0x00, 0x60, 0x00, 0x20, 0x00, 0x30, 0x00, 0x10, 0x00, 0x18, 0x00, 0x08, 0x00, 0x0C, 0x00, 0x04, 0x00, 0x06, 0x00, 0x02, 0x00, 0x03, 0x00, 0x01, 0x80, 0x01, 0x80, 0x00, 0xC0, 0x00, 0x40, 0x00, 0x60, 0x00, 0x20, 0x00, 0x30, 0x00, 0x10, 0x00, 0x18, 0x00, 0x08, 0x00, 0x0C, 0x00, 0x04, 0x00, 0x06, 0x00, 0x02, 0x00, 0x00, 0x00, 0x00, 0x00}, /*"/",15*/
    {0x00, 0x00, 0x00, 0x00, 0x00, 0x00, 0x00, 0x00, 0x00, 0x00, 0x00, 0x00, 0xC0, 0x07, 0x60, 0x0C, 0x30, 0x18, 0x18, 0x30, 0x18, 0x30, 0x18, 0x20, 0x0C, 0x60, 0x0C, 0x60, 0x0C, 0x60, 0x0C, 0x60, 0x0C, 0x60, 0x0C, 0x60, 0x0C, 0x60, 0x0C, 0x60, 0x0C, 0x60, 0x18, 0x20, 0x18, 0x30, 0x18, 0x30, 0x30, 0x18, 0x60, 0x0C, 0xC0, 0x07, 0x00, 0x00, 0x00, 0x00, 0x00, 0x00, 0x00, 0x00, 0x00, 0x00}, /*"0",16*/
    {0x00, 0x00, 0x00, 0x00, 0x00, 0x00, 0x00, 0x00, 0x00, 0x00, 0x00, 0x00, 0x00, 0x01, 0x80, 0x01, 0xF8, 0x01, 0x80, 0x01, 0x80, 0x01, 0x80, 0x01, 0x80, 0x01, 0x80, 0x01, 0x80, 0x01, 0x80, 0x01, 0x80, 0x01, 0x80, 0x01, 0x80, 0x01, 0x80, 0x01, 0x80, 0x01, 0x80, 0x01, 0x80, 0x01, 0x80, 0x01, 0x80, 0x01, 0xC0, 0x03, 0xF8, 0x1F, 0x00, 0x00, 0x00, 0x00, 0x00, 0x00, 0x00, 0x00, 0x00, 0x00}, /*"1",17*/
    {0x00, 0x00, 0x00, 0x00, 0x00, 0x00, 0x00, 0x00, 0x00, 0x00, 0x00, 0x00, 0xE0, 0x07, 0x10, 0x1C, 0x08, 0x18, 0x04, 0x30, 0x04, 0x30, 0x0C, 0x30, 0x0C, 0x30, 0x00, 0x30, 0x00, 0x18, 0x00, 0x08, 0x00, 0x04, 0x00, 0x02, 0x00, 0x01, 0x80, 0x00, 0x40, 0x00, 0x20, 0x20, 0x10, 0x20, 0x08, 0x20, 0x04, 0x30, 0xFC, 0x1F, 0xFC, 0x1F, 0x00, 0x00, 0x00, 0x00, 0x00, 0x00, 0x00, 0x00, 0x00, 0x00}, /*"2",18*/
    {0x00, 0x00, 0x00, 0x00, 0x00, 0x00, 0x00, 0x00, 0x00, 0x00, 0x00, 0x00, 0xE0, 0x03, 0x18, 0x0E, 0x0C, 0x0C, 0x0C, 0x18, 0x0C, 0x18, 0x0C, 0x18, 0x00, 0x18, 0x00, 0x0C, 0x00, 0x06, 0xC0, 0x03, 0x00, 0x0E, 0x00, 0x18, 0x00, 0x10, 0x00, 0x30, 0x00, 0x30, 0x0C, 0x30, 0x0C, 0x30, 0x0C, 0x10, 0x0C, 0x18, 0x18, 0x0C, 0xE0, 0x03, 0x00, 0x00, 0x00, 0x00, 0x00, 0x00, 0x00, 0x00, 0x00, 0x00}, /*"3",19*/
    {0x00, 0x00, 0x00, 0x00, 0x00, 0x00, 0x00, 0x00, 0x00, 0x00, 0x00, 0x00, 0x00, 0x0C, 0x00, 0x0E, 0x00, 0x0E, 0x00, 0x0F, 0x80, 0x0E, 0x80, 0x0E, 0x40, 0x0E, 0x60, 0x0E, 0x20, 0x0E, 0x10, 0x0E, 0x10, 0x0E, 0x08, 0x0E, 0x04, 0x0E, 0x04, 0x0E, 0xFE, 0x7F, 0x00, 0x0E, 0x00, 0x0E, 0x00, 0x0E, 0x00, 0x0E, 0x00, 0x0E, 0x00, 0x0E, 0xC0, 0x7F, 0x00, 0x00, 0x00, 0x00, 0x00, 0x00, 0x00, 0x00}, /*"4",20*/
    {0x00, 0x00, 0x00, 0x00, 0x00, 0x00, 0x00, 0x00, 0x00, 0x00, 0x00, 0x00, 0xF0, 0x3F, 0xF0, 0x3F, 0x10, 0x00, 0x10, 0x00, 0x10, 0x00, 0x08, 0x00, 0x08, 0x00, 0xC8, 0x07, 0x28, 0x0C, 0x18, 0x18, 0x08, 0x10, 0x00, 0x30, 0x00, 0x30, 0x00, 0x30, 0x00, 0x30, 0x0C, 0x30, 0x0C, 0x30, 0x04, 0x18, 0x04, 0x18, 0x08, 0x0C, 0xF0, 0x03, 0x00, 0x00, 0x00, 0x00, 0x00, 0x00, 0x00, 0x00, 0x00, 0x00}, /*"5",21*/
    {0x00, 0x00, 0x00, 0x00, 0x00, 0x00, 0x00, 0x00, 0x00, 0x00, 0x00, 0x00, 0x80, 0x0F, 0xC0, 0x10, 0x20, 0x30, 0x10, 0x30, 0x18, 0x00, 0x18, 0x00, 0x08, 0x00, 0x0C, 0x00, 0x8C, 0x0F, 0x6C, 0x18, 0x3C, 0x30, 0x1C, 0x60, 0x0C, 0x60, 0x0C, 0x60, 0x0C, 0x60, 0x0C, 0x60, 0x18, 0x60, 0x18, 0x20, 0x30, 0x30, 0x60, 0x18, 0xC0, 0x07, 0x00, 0x00, 0x00, 0x00, 0x00, 0x00, 0x00, 0x00, 0x00, 0x00}, /*"6",22*/
    {0x00, 0x00, 0x00, 0x00, 0x00, 0x00, 0x00, 0x00, 0x00, 0x00, 0x00, 0x00, 0xF8, 0x3F, 0xF8, 0x3F, 0x1C, 0x10, 0x0C, 0x08, 0x04, 0x08, 0x04, 0x04, 0x00, 0x04, 0x00, 0x02, 0x00, 0x02, 0x00, 0x01, 0x00, 0x01, 0x00, 0x01, 0x80, 0x00, 0x80, 0x00, 0x80, 0x00, 0xC0, 0x00, 0xC0, 0x00, 0xC0, 0x00, 0xC0, 0x00, 0xC0, 0x00, 0xC0, 0x00, 0x00, 0x00, 0x00, 0x00, 0x00, 0x00, 0x00, 0x00, 0x00, 0x00}, /*"7",23*/
    {0x00, 0x00, 0x00, 0x00, 0x00, 0x00, 0x00, 0x00, 0x00, 0x00, 0x00, 0x00, 0xE0, 0x07, 0x30, 0x0C, 0x18, 0x18, 0x0C, 0x30, 0x0C, 0x30, 0x0C, 0x30, 0x1C, 0x30, 0x38, 0x18, 0x70, 0x08, 0xE0, 0x07, 0xB0, 0x07, 0x18, 0x0E, 0x0C, 0x1C, 0x06, 0x38, 0x06, 0x30, 0x06, 0x30, 0x06, 0x30, 0x06, 0x30, 0x0C, 0x18, 0x18, 0x0C, 0xE0, 0x03, 0x00, 0x00, 0x00, 0x00, 0x00, 0x00, 0x00, 0x00, 0x00, 0x00}, /*"8",24*/
    {0x00, 0x00, 0x00, 0x00, 0x00, 0x00, 0x00, 0x00, 0x00, 0x00, 0x00, 0x00, 0xE0, 0x03, 0x18, 0x04, 0x0C, 0x08, 0x0C, 0x18, 0x06, 0x10, 0x06, 0x30, 0x06, 0x30, 0x06, 0x30, 0x06, 0x30, 0x06, 0x38, 0x0C, 0x3C, 0x18, 0x36, 0xF0, 0x31, 0x00, 0x30, 0x00, 0x18, 0x00, 0x18, 0x00, 0x18, 0x0C, 0x0C, 0x0C, 0x06, 0x0C, 0x03, 0xF0, 0x01, 0x00, 0x00, 0x00, 0x00, 0x00, 0x00, 0x00, 0x00, 0x00, 0x00}, /*"9",25*/
    {0x00, 0x00, 0x00, 0x00, 0x00, 0x00, 0x00, 0x00, 0x00, 0x00, 0x00, 0x00, 0x00, 0x00, 0x00, 0x00, 0x00, 0x00, 0x00, 0x00, 0x00, 0x00, 0x00, 0x00, 0x00, 0x00, 0x80, 0x01, 0xC0, 0x03, 0xC0, 0x03, 0x80, 0x01, 0x00, 0x00, 0x00, 0x00, 0x00, 0x00, 0x00, 0x00, 0x00, 0x00, 0x00, 0x00, 0x80, 0x01, 0xC0, 0x03, 0xC0, 0x03, 0x80, 0x01, 0x00, 0x00, 0x00, 0x00, 0x00, 0x00, 0x00, 0x00, 0x00, 0x00}, /*":",26*/
    {0x00, 0x00, 0x00, 0x00, 0x00, 0x00, 0x00, 0x00, 0x00, 0x00, 0x00, 0x00, 0x00, 0x00, 0x00, 0x00, 0x00, 0x00, 0x00, 0x00, 0x00, 0x00, 0x00, 0x00, 0x00, 0x00, 0xC0, 0x00, 0xC0, 0x00, 0x00, 0x00, 0x00, 0x00, 0x00, 0x00, 0x00, 0x00, 0x00, 0x00, 0x00, 0x00, 0x00, 0x00, 0x00, 0x00, 0x00, 0x00, 0x00, 0x00, 0xC0, 0x00, 0xC0, 0x00, 0x80, 0x00, 0x80, 0x00, 0x40, 0x00, 0x40, 0x00, 0x00, 0x00}, /*";",27*/
    {0x00, 0x00, 0x00, 0x00, 0x00, 0x00, 0x00, 0x00, 0x00, 0x00, 0x00, 0x20, 0x00, 0x10, 0x00, 0x08, 0x00, 0x04, 0x00, 0x06, 0x00, 0x03, 0x80, 0x01, 0xC0, 0x00, 0x60, 0x00, 0x30, 0x00, 0x18, 0x00, 0x0C, 0x00, 0x18, 0x00, 0x30, 0x00, 0x60, 0x00, 0xC0, 0x00, 0x80, 0x01, 0x00, 0x03, 0x00, 0x06, 0x00, 0x04, 0x00, 0x08, 0x00, 0x10, 0x00, 0x20, 0x00, 0x00, 0x00, 0x00, 0x00, 0x00, 0x00, 0x00}, /*"<",28*/
    {0x00, 0x00, 0x00, 0x00, 0x00, 0x00, 0x00, 0x00, 0x00, 0x00, 0x00, 0x00, 0x00, 0x00, 0x00, 0x00, 0x00, 0x00, 0x00, 0x00, 0x00, 0x00, 0x00, 0x00, 0x00, 0x00, 0xFE, 0x7F, 0x00, 0x00, 0x00, 0x00, 0x00, 0x00, 0x00, 0x00, 0x00, 0x00, 0xFE, 0x7F, 0x00, 0x00, 0x00, 0x00, 0x00, 0x00, 0x00, 0x00, 0x00, 0x00, 0x00, 0x00, 0x00, 0x00, 0x00, 0x00, 0x00, 0x00, 0x00, 0x00, 0x00, 0x00, 0x00, 0x00}, /*"=",29*/
    {0x00, 0x00, 0x00, 0x00, 0x00, 0x00, 0x00, 0x00, 0x00, 0x00, 0x04, 0x00, 0x08, 0x00, 0x10, 0x00, 0x20, 0x00, 0x60, 0x00, 0xC0, 0x00, 0x80, 0x01, 0x00, 0x03, 0x00, 0x06, 0x00, 0x0C, 0x00, 0x18, 0x00, 0x30, 0x00, 0x18, 0x00, 0x0C, 0x00, 0x06, 0x00, 0x03, 0x80, 0x01, 0xC0, 0x00, 0x60, 0x00, 0x20, 0x00, 0x10, 0x00, 0x08, 0x00, 0x04, 0x00, 0x00, 0x00, 0x00, 0x00, 0x00, 0x00, 0x00, 0x00}, /*">",30*/
    {0x00, 0x00, 0x00, 0x00, 0x00, 0x00, 0x00, 0x00, 0x00, 0x00, 0xC0, 0x07, 0x30, 0x18, 0x08, 0x30, 0x08, 0x60, 0x0C, 0x60, 0x1C, 0x60, 0x1C, 0x60, 0x1C, 0x60, 0x00, 0x30, 0x00, 0x1C, 0x00, 0x06, 0x00, 0x01, 0x80, 0x00, 0x80, 0x00, 0x80, 0x00, 0x80, 0x00, 0x00, 0x00, 0x00, 0x00, 0x80, 0x01, 0xC0, 0x03, 0xC0, 0x03, 0x80, 0x01, 0x00, 0x00, 0x00, 0x00, 0x00, 0x00, 0x00, 0x00, 0x00, 0x00}, /*"?",31*/
    {0x00, 0x00, 0x00, 0x00, 0x00, 0x00, 0x00, 0x00, 0x00, 0x00, 0x00, 0x00, 0xC0, 0x07, 0x60, 0x18, 0x10, 0x30, 0x18, 0x20, 0x0C, 0x2F, 0x8C, 0x4D, 0x86, 0x4C, 0xC6, 0x4C, 0xC6, 0x4C, 0x66, 0x4C, 0x66, 0x44, 0x66, 0x44, 0x66, 0x26, 0x66, 0x26, 0x66, 0x15, 0xCC, 0x1C, 0x0C, 0x40, 0x08, 0x20, 0x18, 0x30, 0x30, 0x18, 0xC0, 0x07, 0x00, 0x00, 0x00, 0x00, 0x00, 0x00, 0x00, 0x00, 0x00, 0x00}, /*"@",32*/
    {0x00, 0x00, 0x00, 0x00, 0x00, 0x00, 0x00, 0x00, 0x00, 0x00, 0x00, 0x01, 0xC0, 0x01, 0xC0, 0x01, 0xC0, 0x01, 0x40, 0x01, 0x60, 0x03, 0x20, 0x03, 0x20, 0x03, 0x20, 0x03, 0x30, 0x06, 0x10, 0x06, 0x10, 0x06, 0x10, 0x06, 0xF8, 0x0F, 0x08, 0x0C, 0x08, 0x0C, 0x08, 0x0C, 0x0C, 0x0C, 0x04, 0x18, 0x04, 0x18, 0x06, 0x18, 0x1F, 0x7C, 0x00, 0x00, 0x00, 0x00, 0x00, 0x00, 0x00, 0x00, 0x00, 0x00}, /*"A",33*/
    {0x00, 0x00, 0x00, 0x00, 0x00, 0x00, 0x00, 0x00, 0x00, 0x00, 0x00, 0x00, 0xFE, 0x07, 0x18, 0x1C, 0x18, 0x38, 0x18, 0x30, 0x18, 0x30, 0x18, 0x30, 0x18, 0x30, 0x18, 0x18, 0x18, 0x0C, 0xF8, 0x07, 0x18, 0x18, 0x18, 0x30, 0x18, 0x20, 0x18, 0x60, 0x18, 0x60, 0x18, 0x60, 0x18, 0x60, 0x18, 0x60, 0x18, 0x30, 0x18, 0x18, 0xFE, 0x0F, 0x00, 0x00, 0x00, 0x00, 0x00, 0x00, 0x00, 0x00, 0x00, 0x00}, /*"B",34*/
    {0x00, 0x00, 0x00, 0x00, 0x00, 0x00, 0x00, 0x00, 0x00, 0x00, 0x00, 0x00, 0xC0, 0x27, 0x60, 0x38, 0x10, 0x30, 0x18, 0x20, 0x0C, 0x40, 0x0C, 0x40, 0x04, 0x00, 0x06, 0x00, 0x06, 0x00, 0x06, 0x00, 0x06, 0x00, 0x06, 0x00, 0x06, 0x00, 0x06, 0x00, 0x06, 0x00, 0x0C, 0x40, 0x0C, 0x40, 0x0C, 0x20, 0x18, 0x30, 0x30, 0x18, 0xC0, 0x07, 0x00, 0x00, 0x00, 0x00, 0x00, 0x00, 0x00, 0x00, 0x00, 0x00}, /*"C",35*/
    {0x00, 0x00, 0x00, 0x00, 0x00, 0x00, 0x00, 0x00, 0x00, 0x00, 0x00, 0x00, 0xFE, 0x03, 0x18, 0x0E, 0x18, 0x18, 0x18, 0x30, 0x18, 0x30, 0x18, 0x30, 0x18, 0x60, 0x18, 0x60, 0x18, 0x60, 0x18, 0x60, 0x18, 0x60, 0x18, 0x60, 0x18, 0x60, 0x18, 0x60, 0x18, 0x60, 0x18, 0x30, 0x18, 0x30, 0x18, 0x10, 0x18, 0x18, 0x18, 0x0E, 0xFE, 0x03, 0x00, 0x00, 0x00, 0x00, 0x00, 0x00, 0x00, 0x00, 0x00, 0x00}, /*"D",36*/
    {0x00, 0x00, 0x00, 0x00, 0x00, 0x00, 0x00, 0x00, 0x00, 0x00, 0x00, 0x00, 0xFE, 0x3F, 0x18, 0x30, 0x18, 0x20, 0x18, 0x60, 0x18, 0x40, 0x18, 0x00, 0x18, 0x08, 0x18, 0x08, 0x18, 0x0C, 0xF8, 0x0F, 0x18, 0x0C, 0x18, 0x08, 0x18, 0x08, 0x18, 0x00, 0x18, 0x00, 0x18, 0x00, 0x18, 0x40, 0x18, 0x40, 0x18, 0x20, 0x18, 0x30, 0xFE, 0x3F, 0x00, 0x00, 0x00, 0x00, 0x00, 0x00, 0x00, 0x00, 0x00, 0x00}, /*"E",37*/
    {0x00, 0x00, 0x00, 0x00, 0x00, 0x00, 0x00, 0x00, 0x00, 0x00, 0x00, 0x00, 0xFE, 0x7F, 0x18, 0x70, 0x18, 0x40, 0x18, 0xC0, 0x18, 0x80, 0x18, 0x00, 0x18, 0x10, 0x18, 0x10, 0x18, 0x18, 0xF8, 0x1F, 0x18, 0x18, 0x18, 0x10, 0x18, 0x10, 0x18, 0x00, 0x18, 0x00, 0x18, 0x00, 0x18, 0x00, 0x18, 0x00, 0x18, 0x00, 0x18, 0x00, 0x7E, 0x00, 0x00, 0x00, 0x00, 0x00, 0x00, 0x00, 0x00, 0x00, 0x00, 0x00}, /*"F",38*/
    {0x00, 0x00, 0x00, 0x00, 0x00, 0x00, 0x00, 0x00, 0x00, 0x00, 0x00, 0x00, 0xC0, 0x13, 0x70, 0x1C, 0x10, 0x10, 0x18, 0x10, 0x0C, 0x20, 0x0C, 0x20, 0x04, 0x00, 0x06, 0x00, 0x06, 0x00, 0x06, 0x00, 0x06, 0x00, 0x06, 0x00, 0x06, 0xFC, 0x06, 0x30, 0x06, 0x30, 0x0C, 0x30, 0x0C, 0x30, 0x18, 0x30, 0x18, 0x30, 0x30, 0x08, 0xC0, 0x07, 0x00, 0x00, 0x00, 0x00, 0x00, 0x00, 0x00, 0x00, 0x00, 0x00}, /*"G",39*/
    {0x00, 0x00, 0x00, 0x00, 0x00, 0x00, 0x00, 0x00, 0x00, 0x00, 0x00, 0x00, 0x3F, 0x7E, 0x0C, 0x18, 0x0C, 0x18, 0x0C, 0x18, 0x0C, 0x18, 0x0C, 0x18, 0x0C, 0x18, 0x0C, 0x18, 0x0C, 0x18, 0x0C, 0x18, 0xFC, 0x1F, 0x0C, 0x18, 0x0C, 0x18, 0x0C, 0x18, 0x0C, 0x18, 0x0C, 0x18, 0x0C, 0x18, 0x0C, 0x18, 0x0C, 0x18, 0x0C, 0x18, 0x3F, 0x7E, 0x00, 0x00, 0x00, 0x00, 0x00, 0x00, 0x00, 0x00, 0x00, 0x00}, /*"H",40*/
    {0x00, 0x00, 0x00, 0x00, 0x00, 0x00, 0x00, 0x00, 0x00, 0x00, 0x00, 0x00, 0xF8, 0x1F, 0x80, 0x01, 0x80, 0x01, 0x80, 0x01, 0x80, 0x01, 0x80, 0x01, 0x80, 0x01, 0x80, 0x01, 0x80, 0x01, 0x80, 0x01, 0x80, 0x01, 0x80, 0x01, 0x80, 0x01, 0x80, 0x01, 0x80, 0x01, 0x80, 0x01, 0x80, 0x01, 0x80, 0x01, 0x80, 0x01, 0x80, 0x01, 0xF8, 0x1F, 0x00, 0x00, 0x00, 0x00, 0x00, 0x00, 0x00, 0x00, 0x00, 0x00}, /*"I",41*/
    {0x00, 0x00, 0x00, 0x00, 0x00, 0x00, 0x00, 0x00, 0x00, 0x00, 0x00, 0x00, 0xE0, 0x7F, 0x00, 0x06, 0x00, 0x06, 0x00, 0x06, 0x00, 0x06, 0x00, 0x06, 0x00, 0x06, 0x00, 0x06, 0x00, 0x06, 0x00, 0x06, 0x00, 0x06, 0x00, 0x06, 0x00, 0x06, 0x00, 0x06, 0x00, 0x06, 0x00, 0x06, 0x00, 0x06, 0x00, 0x06, 0x00, 0x06, 0x00, 0x06, 0x00, 0x06, 0x00, 0x06, 0x0E, 0x06, 0x0E, 0x03, 0x8E, 0x01, 0xFC, 0x00}, /*"J",42*/
    {0x00, 0x00, 0x00, 0x00, 0x00, 0x00, 0x00, 0x00, 0x00, 0x00, 0x00, 0x00, 0x7E, 0x7C, 0x18, 0x18, 0x18, 0x08, 0x18, 0x04, 0x18, 0x06, 0x18, 0x02, 0x18, 0x01, 0x98, 0x01, 0x98, 0x01, 0xD8, 0x01, 0xB8, 0x03, 0x38, 0x03, 0x18, 0x07, 0x18, 0x06, 0x18, 0x0E, 0x18, 0x0C, 0x18, 0x1C, 0x18, 0x18, 0x18, 0x30, 0x18, 0x30, 0x7E, 0xFC, 0x00, 0x00, 0x00, 0x00, 0x00, 0x00, 0x00, 0x00, 0x00, 0x00}, /*"K",43*/
    {0x00, 0x00, 0x00, 0x00, 0x00, 0x00, 0x00, 0x00, 0x00, 0x00, 0x00, 0x00, 0x7E, 0x00, 0x18, 0x00, 0x18, 0x00, 0x18, 0x00, 0x18, 0x00, 0x18, 0x00, 0x18, 0x00, 0x18, 0x00, 0x18, 0x00, 0x18, 0x00, 0x18, 0x00, 0x18, 0x00, 0x18, 0x00, 0x18, 0x00, 0x18, 0x00, 0x18, 0x00, 0x18, 0x40, 0x18, 0x40, 0x18, 0x20, 0x18, 0x30, 0xFE, 0x3F, 0x00, 0x00, 0x00, 0x00, 0x00, 0x00, 0x00, 0x00, 0x00, 0x00}, /*"L",44*/
    {0x00, 0x00, 0x00, 0x00, 0x00, 0x00, 0x00, 0x00, 0x00, 0x00, 0x00, 0x00, 0x1F, 0xF8, 0x1C, 0x38, 0x1C, 0x38, 0x1C, 0x38, 0x1C, 0x3C, 0x34, 0x34, 0x34, 0x34, 0x34, 0x34, 0x34, 0x36, 0x74, 0x32, 0x64, 0x32, 0x64, 0x32, 0x64, 0x32, 0x64, 0x31, 0xC4, 0x31, 0xC4, 0x31, 0xC4, 0x31, 0xC4, 0x30, 0xC4, 0x30, 0x84, 0x30, 0x9F, 0xFC, 0x00, 0x00, 0x00, 0x00, 0x00, 0x00, 0x00, 0x00, 0x00, 0x00}, /*"M",45*/
    {0x00, 0x00, 0x00, 0x00, 0x00, 0x00, 0x00, 0x00, 0x00, 0x00, 0x00, 0x00, 0x1F, 0x7C, 0x1C, 0x10, 0x3C, 0x10, 0x34, 0x10, 0x34, 0x10, 0x74, 0x10, 0x64, 0x10, 0xE4, 0x10, 0xC4, 0x10, 0xC4, 0x11, 0x84, 0x11, 0x84, 0x13, 0x04, 0x13, 0x04, 0x17, 0x04, 0x16, 0x04, 0x1E, 0x04, 0x1C, 0x04, 0x1C, 0x04, 0x1C, 0x04, 0x18, 0x1F, 0x18, 0x00, 0x00, 0x00, 0x00, 0x00, 0x00, 0x00, 0x00, 0x00, 0x00}, /*"N",46*/
    {0x00, 0x00, 0x00, 0x00, 0x00, 0x00, 0x00, 0x00, 0x00, 0x00, 0x00, 0x00, 0xC0, 0x03, 0x30, 0x0C, 0x18, 0x18, 0x08, 0x10, 0x0C, 0x30, 0x0C, 0x30, 0x06, 0x60, 0x06, 0x60, 0x06, 0x60, 0x06, 0x60, 0x06, 0x60, 0x06, 0x60, 0x06, 0x60, 0x06, 0x60, 0x06, 0x60, 0x0C, 0x20, 0x0C, 0x30, 0x08, 0x10, 0x18, 0x18, 0x30, 0x0C, 0xC0, 0x03, 0x00, 0x00, 0x00, 0x00, 0x00, 0x00, 0x00, 0x00, 0x00, 0x00}, /*"O",47*/
    {0x00, 0x00, 0x00, 0x00, 0x00, 0x00, 0x00, 0x00, 0x00, 0x00, 0x00, 0x00, 0xFE, 0x0F, 0x18, 0x18, 0x18, 0x30, 0x18, 0x60, 0x18, 0x60, 0x18, 0x60, 0x18, 0x60, 0x18, 0x60, 0x18, 0x30, 0x18, 0x18, 0xF8, 0x0F, 0x18, 0x00, 0x18, 0x00, 0x18, 0x00, 0x18, 0x00, 0x18, 0x00, 0x18, 0x00, 0x18, 0x00, 0x18, 0x00, 0x18, 0x00, 0x7E, 0x00, 0x00, 0x00, 0x00, 0x00, 0x00, 0x00, 0x00, 0x00, 0x00, 0x00}, /*"P",48*/
    {0x00, 0x00, 0x00, 0x00, 0x00, 0x00, 0x00, 0x00, 0x00, 0x00, 0x00, 0x00, 0xC0, 0x03, 0x30, 0x0C, 0x18, 0x18, 0x0C, 0x10, 0x0C, 0x30, 0x0C, 0x20, 0x06, 0x60, 0x06, 0x60, 0x06, 0x60, 0x06, 0x60, 0x06, 0x60, 0x06, 0x60, 0x06, 0x60, 0x06, 0x60, 0x06, 0x60, 0xE4, 0x61, 0x2C, 0x33, 0x1C, 0x32, 0x18, 0x16, 0x30, 0x0E, 0xC0, 0x07, 0x00, 0x4C, 0x00, 0x7C, 0x00, 0x38, 0x00, 0x00, 0x00, 0x00}, /*"Q",49*/
    {0x00, 0x00, 0x00, 0x00, 0x00, 0x00, 0x00, 0x00, 0x00, 0x00, 0x00, 0x00, 0xFE, 0x07, 0x18, 0x1C, 0x18, 0x38, 0x18, 0x30, 0x18, 0x30, 0x18, 0x30, 0x18, 0x30, 0x18, 0x18, 0x18, 0x0C, 0xF8, 0x07, 0x98, 0x03, 0x18, 0x03, 0x18, 0x07, 0x18, 0x06, 0x18, 0x06, 0x18, 0x0E, 0x18, 0x0C, 0x18, 0x0C, 0x18, 0x1C, 0x18, 0x18, 0x7E, 0x78, 0x00, 0x00, 0x00, 0x00, 0x00, 0x00, 0x00, 0x00, 0x00, 0x00}, /*"R",50*/
    {0x00, 0x00, 0x00, 0x00, 0x00, 0x00, 0x00, 0x00, 0x00, 0x00, 0x00, 0x00, 0xE0, 0x27, 0x30, 0x38, 0x18, 0x30, 0x0C, 0x20, 0x0C, 0x20, 0x0C, 0x00, 0x0C, 0x00, 0x18, 0x00, 0x78, 0x00, 0xE0, 0x03, 0x80, 0x0F, 0x00, 0x1E, 0x00, 0x38, 0x00, 0x70, 0x00, 0x60, 0x04, 0x60, 0x04, 0x60, 0x08, 0x60, 0x18, 0x30, 0x38, 0x18, 0xC8, 0x0F, 0x00, 0x00, 0x00, 0x00, 0x00, 0x00, 0x00, 0x00, 0x00, 0x00}, /*"S",51*/
    {0x00, 0x00, 0x00, 0x00, 0x00, 0x00, 0x00, 0x00, 0x00, 0x00, 0x00, 0x00, 0xFC, 0x3F, 0x8C, 0x21, 0x84, 0x61, 0x82, 0x41, 0x82, 0x41, 0x80, 0x01, 0x80, 0x01, 0x80, 0x01, 0x80, 0x01, 0x80, 0x01, 0x80, 0x01, 0x80, 0x01, 0x80, 0x01, 0x80, 0x01, 0x80, 0x01, 0x80, 0x01, 0x80, 0x01, 0x80, 0x01, 0x80, 0x01, 0x80, 0x01, 0xE0, 0x07, 0x00, 0x00, 0x00, 0x00, 0x00, 0x00, 0x00, 0x00, 0x00, 0x00}, /*"T",52*/
    {0x00, 0x00, 0x00, 0x00, 0x00, 0x00, 0x00, 0x00, 0x00, 0x00, 0x00, 0x00, 0x3F, 0x7C, 0x0C, 0x10, 0x0C, 0x10, 0x0C, 0x10, 0x0C, 0x10, 0x0C, 0x10, 0x0C, 0x10, 0x0C, 0x10, 0x0C, 0x10, 0x0C, 0x10, 0x0C, 0x10, 0x0C, 0x10, 0x0C, 0x10, 0x0C, 0x10, 0x0C, 0x10, 0x0C, 0x10, 0x0C, 0x10, 0x0C, 0x10, 0x08, 0x08, 0x38, 0x04, 0xE0, 0x03, 0x00, 0x00, 0x00, 0x00, 0x00, 0x00, 0x00, 0x00, 0x00, 0x00}, /*"U",53*/
    {0x00, 0x00, 0x00, 0x00, 0x00, 0x00, 0x00, 0x00, 0x00, 0x00, 0x00, 0x00, 0x3E, 0xF8, 0x18, 0x20, 0x18, 0x20, 0x18, 0x20, 0x30, 0x10, 0x30, 0x10, 0x30, 0x10, 0x30, 0x10, 0x60, 0x08, 0x60, 0x08, 0x60, 0x08, 0xE0, 0x0C, 0xC0, 0x04, 0xC0, 0x04, 0xC0, 0x04, 0x80, 0x03, 0x80, 0x03, 0x80, 0x03, 0x80, 0x03, 0x00, 0x01, 0x00, 0x01, 0x00, 0x00, 0x00, 0x00, 0x00, 0x00, 0x00, 0x00, 0x00, 0x00}, /*"V",54*/
    {0x00, 0x00, 0x00, 0x00, 0x00, 0x00, 0x00, 0x00, 0x00, 0x00, 0x00, 0x00, 0xDF, 0xF3, 0x86, 0x61, 0x86, 0x21, 0x86, 0x21, 0x8C, 0x21, 0x0C, 0x21, 0x8C, 0x23, 0x8C, 0x13, 0x8C, 0x13, 0x8C, 0x13, 0x4C, 0x13, 0x58, 0x12, 0x58, 0x16, 0x58, 0x0E, 0x38, 0x0E, 0x38, 0x0E, 0x38, 0x0E, 0x30, 0x0C, 0x10, 0x04, 0x10, 0x04, 0x10, 0x04, 0x00, 0x00, 0x00, 0x00, 0x00, 0x00, 0x00, 0x00, 0x00, 0x00}, /*"W",55*/
    {0x00, 0x00, 0x00, 0x00, 0x00, 0x00, 0x00, 0x00, 0x00, 0x00, 0x00, 0x00, 0x7E, 0x3E, 0x18, 0x08, 0x38, 0x08, 0x30, 0x04, 0x30, 0x04, 0x70, 0x02, 0x60, 0x02, 0xE0, 0x01, 0xC0, 0x01, 0xC0, 0x01, 0x80, 0x01, 0x80, 0x03, 0x40, 0x03, 0x40, 0x07, 0x20, 0x06, 0x20, 0x06, 0x10, 0x0C, 0x10, 0x0C, 0x08, 0x18, 0x08, 0x18, 0x3E, 0x7C, 0x00, 0x00, 0x00, 0x00, 0x00, 0x00, 0x00, 0x00, 0x00, 0x00}, /*"X",56*/
    {0x00, 0x00, 0x00, 0x00, 0x00, 0x00, 0x00, 0x00, 0x00, 0x00, 0x00, 0x00, 0x7E, 0x7C, 0x1C, 0x10, 0x18, 0x10, 0x18, 0x08, 0x30, 0x08, 0x30, 0x0C, 0x70, 0x04, 0x60, 0x04, 0x60, 0x02, 0xC0, 0x02, 0xC0, 0x02, 0xC0, 0x01, 0x80, 0x01, 0x80, 0x01, 0x80, 0x01, 0x80, 0x01, 0x80, 0x01, 0x80, 0x01, 0x80, 0x01, 0x80, 0x01, 0xE0, 0x07, 0x00, 0x00, 0x00, 0x00, 0x00, 0x00, 0x00, 0x00, 0x00, 0x00}, /*"Y",57*/
    {0x00, 0x00, 0x00, 0x00, 0x00, 0x00, 0x00, 0x00, 0x00, 0x00, 0x00, 0x00, 0xF8, 0x3F, 0x18, 0x18, 0x08, 0x18, 0x04, 0x0C, 0x04, 0x0E, 0x00, 0x06, 0x00, 0x07, 0x00, 0x03, 0x80, 0x03, 0x80, 0x01, 0xC0, 0x01, 0xC0, 0x00, 0xE0, 0x00, 0x60, 0x00, 0x70, 0x00, 0x30, 0x00, 0x38, 0x20, 0x18, 0x20, 0x1C, 0x10, 0x0C, 0x18, 0xFE, 0x1F, 0x00, 0x00, 0x00, 0x00, 0x00, 0x00, 0x00, 0x00, 0x00, 0x00}, /*"Z",58*/
    {0x00, 0x00, 0x00, 0x00, 0x00, 0x00, 0xC0, 0x3F, 0x40, 0x00, 0x40, 0x00, 0x40, 0x00, 0x40, 0x00, 0x40, 0x00, 0x40, 0x00, 0x40, 0x00, 0x40, 0x00, 0x40, 0x00, 0x40, 0x00, 0x40, 0x00, 0x40, 0x00, 0x40, 0x00, 0x40, 0x00, 0x40, 0x00, 0x40, 0x00, 0x40, 0x00, 0x40, 0x00, 0x40, 0x00, 0x40, 0x00, 0x40, 0x00, 0x40, 0x00, 0x40, 0x00, 0x40, 0x00, 0x40, 0x00, 0xC0, 0x3F, 0x00, 0x00, 0x00, 0x00}, /*"[",59*/
    {0x00, 0x00, 0x00, 0x00, 0x00, 0x00, 0x00, 0x00, 0x00, 0x00, 0x08, 0x00, 0x18, 0x00, 0x18, 0x00, 0x10, 0x00, 0x30, 0x00, 0x20, 0x00, 0x60, 0x00, 0x60, 0x00, 0x40, 0x00, 0xC0, 0x00, 0x80, 0x00, 0x80, 0x01, 0x80, 0x01, 0x00, 0x01, 0x00, 0x03, 0x00, 0x02, 0x00, 0x06, 0x00, 0x06, 0x00, 0x04, 0x00, 0x0C, 0x00, 0x08, 0x00, 0x18, 0x00, 0x18, 0x00, 0x10, 0x00, 0x30, 0x00, 0x20, 0x00, 0x00}, /*"\",60*/
    {0x00, 0x00, 0x00, 0x00, 0x00, 0x00, 0xFC, 0x03, 0x00, 0x02, 0x00, 0x02, 0x00, 0x02, 0x00, 0x02, 0x00, 0x02, 0x00, 0x02, 0x00, 0x02, 0x00, 0x02, 0x00, 0x02, 0x00, 0x02, 0x00, 0x02, 0x00, 0x02, 0x00, 0x02, 0x00, 0x02, 0x00, 0x02, 0x00, 0x02, 0x00, 0x02, 0x00, 0x02, 0x00, 0x02, 0x00, 0x02, 0x00, 0x02, 0x00, 0x02, 0x00, 0x02, 0x00, 0x02, 0x00, 0x02, 0xFC, 0x03, 0x00, 0x00, 0x00, 0x00}, /*"]",61*/
    {0x00, 0x00, 0x00, 0x00, 0x00, 0x00, 0x80, 0x07, 0xC0, 0x06, 0x20, 0x08, 0x10, 0x10, 0x00, 0x00, 0x00, 0x00, 0x00, 0x00, 0x00, 0x00, 0x00, 0x00, 0x00, 0x00, 0x00, 0x00, 0x00, 0x00, 0x00, 0x00, 0x00, 0x00, 0x00, 0x00, 0x00, 0x00, 0x00, 0x00, 0x00, 0x00, 0x00, 0x00, 0x00, 0x00, 0x00, 0x00, 0x00, 0x00, 0x00, 0x00, 0x00, 0x00, 0x00, 0x00, 0x00, 0x00, 0x00, 0x00, 0x00, 0x00, 0x00, 0x00}, /*"^",62*/
    {0x00, 0x00, 0x00, 0x00, 0x00, 0x00, 0x00, 0x00, 0x00, 0x00, 0x00, 0x00, 0x00, 0x00, 0x00, 0x00, 0x00, 0x00, 0x00, 0x00, 0x00, 0x00, 0x00, 0x00, 0x00, 0x00, 0x00, 0x00, 0x00, 0x00, 0x00, 0x00, 0x00, 0x00, 0x00, 0x00, 0x00, 0x00, 0x00, 0x00, 0x00, 0x00, 0x00, 0x00, 0x00, 0x00, 0x00, 0x00, 0x00, 0x00, 0x00, 0x00, 0x00, 0x00, 0x00, 0x00, 0x00, 0x00, 0x00, 0x00, 0x00, 0x00, 0xFF, 0xFF}, /*"_",63*/
    {0x00, 0x00, 0x00, 0x00, 0x00, 0x00, 0x78, 0x00, 0xC0, 0x00, 0x00, 0x01, 0x00, 0x00, 0x00, 0x00, 0x00, 0x00, 0x00, 0x00, 0x00, 0x00, 0x00, 0x00, 0x00, 0x00, 0x00, 0x00, 0x00, 0x00, 0x00, 0x00, 0x00, 0x00, 0x00, 0x00, 0x00, 0x00, 0x00, 0x00, 0x00, 0x00, 0x00, 0x00, 0x00, 0x00, 0x00, 0x00, 0x00, 0x00, 0x00, 0x00, 0x00, 0x00, 0x00, 0x00, 0x00, 0x00, 0x00, 0x00, 0x00, 0x00, 0x00, 0x00}, /*"`",64*/
    {0x00, 0x00, 0x00, 0x00, 0x00, 0x00, 0x00, 0x00, 0x00, 0x00, 0x00, 0x00, 0x00, 0x00, 0x00, 0x00, 0x00, 0x00, 0x00, 0x00, 0x00, 0x00, 0x00, 0x00, 0x00, 0x00, 0xF0, 0x03, 0x18, 0x06, 0x0C, 0x0C, 0x0C, 0x0C, 0x00, 0x0C, 0x80, 0x0F, 0x70, 0x0C, 0x1C, 0x0C, 0x0C, 0x0C, 0x06, 0x0C, 0x06, 0x0C, 0x06, 0x4C, 0x0C, 0x4F, 0xF8, 0x38, 0x00, 0x00, 0x00, 0x00, 0x00, 0x00, 0x00, 0x00, 0x00, 0x00}, /*"a",65*/
    {0x00, 0x00, 0x00, 0x00, 0x00, 0x00, 0x00, 0x00, 0x00, 0x00, 0x10, 0x00, 0x1E, 0x00, 0x18, 0x00, 0x18, 0x00, 0x18, 0x00, 0x18, 0x00, 0x18, 0x00, 0x18, 0x00, 0x18, 0x0F, 0xD8, 0x18, 0x38, 0x30, 0x38, 0x60, 0x18, 0x60, 0x18, 0x60, 0x18, 0x60, 0x18, 0x60, 0x18, 0x60, 0x18, 0x60, 0x18, 0x20, 0x38, 0x30, 0x78, 0x18, 0xC8, 0x07, 0x00, 0x00, 0x00, 0x00, 0x00, 0x00, 0x00, 0x00, 0x00, 0x00}, /*"b",66*/
    {0x00, 0x00, 0x00, 0x00, 0x00, 0x00, 0x00, 0x00, 0x00, 0x00, 0x00, 0x00, 0x00, 0x00, 0x00, 0x00, 0x00, 0x00, 0x00, 0x00, 0x00, 0x00, 0x00, 0x00, 0x00, 0x00, 0xC0, 0x07, 0x70, 0x0C, 0x18, 0x18, 0x18, 0x18, 0x0C, 0x18, 0x0C, 0x00, 0x0C, 0x00, 0x0C, 0x00, 0x0C, 0x00, 0x0C, 0x20, 0x18, 0x20, 0x18, 0x10, 0x30, 0x08, 0xC0, 0x07, 0x00, 0x00, 0x00, 0x00, 0x00, 0x00, 0x00, 0x00, 0x00, 0x00}, /*"c",67*/
    {0x00, 0x00, 0x00, 0x00, 0x00, 0x00, 0x00, 0x00, 0x00, 0x00, 0x00, 0x10, 0x00, 0x1E, 0x00, 0x18, 0x00, 0x18, 0x00, 0x18, 0x00, 0x18, 0x00, 0x18, 0x00, 0x18, 0xE0, 0x1B, 0x30, 0x1C, 0x18, 0x18, 0x18, 0x18, 0x0C, 0x18, 0x0C, 0x18, 0x0C, 0x18, 0x0C, 0x18, 0x0C, 0x18, 0x0C, 0x18, 0x08, 0x18, 0x18, 0x1C, 0x30, 0x7A, 0xE0, 0x09, 0x00, 0x00, 0x00, 0x00, 0x00, 0x00, 0x00, 0x00, 0x00, 0x00}, /*"d",68*/
    {0x00, 0x00, 0x00, 0x00, 0x00, 0x00, 0x00, 0x00, 0x00, 0x00, 0x00, 0x00, 0x00, 0x00, 0x00, 0x00, 0x00, 0x00, 0x00, 0x00, 0x00, 0x00, 0x00, 0x00, 0x00, 0x00, 0xC0, 0x07, 0x30, 0x0C, 0x18, 0x18, 0x08, 0x10, 0x0C, 0x30, 0x0C, 0x30, 0xFC, 0x3F, 0x0C, 0x00, 0x0C, 0x00, 0x0C, 0x00, 0x18, 0x20, 0x18, 0x10, 0x70, 0x18, 0xC0, 0x07, 0x00, 0x00, 0x00, 0x00, 0x00, 0x00, 0x00, 0x00, 0x00, 0x00}, /*"e",69*/
    {0x00, 0x00, 0x00, 0x00, 0x00, 0x00, 0x00, 0x00, 0x00, 0x00, 0x00, 0x00, 0x00, 0x3E, 0x80, 0xC3, 0x80, 0xC0, 0xC0, 0xC0, 0xC0, 0x00, 0xC0, 0x00, 0xC0, 0x00, 0xFC, 0x1F, 0xC0, 0x00, 0xC0, 0x00, 0xC0, 0x00, 0xC0, 0x00, 0xC0, 0x00, 0xC0, 0x00, 0xC0, 0x00, 0xC0, 0x00, 0xC0, 0x00, 0xC0, 0x00, 0xC0, 0x00, 0xC0, 0x00, 0xF8, 0x0F, 0x00, 0x00, 0x00, 0x00, 0x00, 0x00, 0x00, 0x00, 0x00, 0x00}, /*"f",70*/
    {0x00, 0x00, 0x00, 0x00, 0x00, 0x00, 0x00, 0x00, 0x00, 0x00, 0x00, 0x00, 0x00, 0x00, 0x00, 0x00, 0x00, 0x00, 0x00, 0x00, 0x00, 0x00, 0x00, 0x00, 0x00, 0x00, 0xC0, 0x77, 0x30, 0x6C, 0x10, 0x18, 0x18, 0x18, 0x18, 0x18, 0x18, 0x18, 0x10, 0x18, 0x30, 0x0C, 0xF0, 0x07, 0x18, 0x00, 0x18, 0x00, 0xF0, 0x0F, 0xF0, 0x3F, 0x08, 0x70, 0x0C, 0x60, 0x0C, 0x60, 0x0C, 0x60, 0x38, 0x38, 0xE0, 0x0F}, /*"g",71*/
    {0x00, 0x00, 0x00, 0x00, 0x00, 0x00, 0x00, 0x00, 0x00, 0x00, 0x10, 0x00, 0x1E, 0x00, 0x18, 0x00, 0x18, 0x00, 0x18, 0x00, 0x18, 0x00, 0x18, 0x00, 0x18, 0x00, 0x98, 0x0F, 0xD8, 0x18, 0x38, 0x30, 0x18, 0x30, 0x18, 0x30, 0x18, 0x30, 0x18, 0x30, 0x18, 0x30, 0x18, 0x30, 0x18, 0x30, 0x18, 0x30, 0x18, 0x30, 0x18, 0x30, 0x7E, 0xFC, 0x00, 0x00, 0x00, 0x00, 0x00, 0x00, 0x00, 0x00, 0x00, 0x00}, /*"h",72*/
    {0x00, 0x00, 0x00, 0x00, 0x00, 0x00, 0x00, 0x00, 0x00, 0x00, 0x00, 0x00, 0x80, 0x03, 0x80, 0x03, 0x80, 0x03, 0x00, 0x00, 0x00, 0x00, 0x00, 0x00, 0x00, 0x01, 0xF8, 0x01, 0x80, 0x01, 0x80, 0x01, 0x80, 0x01, 0x80, 0x01, 0x80, 0x01, 0x80, 0x01, 0x80, 0x01, 0x80, 0x01, 0x80, 0x01, 0x80, 0x01, 0x80, 0x01, 0x80, 0x01, 0xF8, 0x1F, 0x00, 0x00, 0x00, 0x00, 0x00, 0x00, 0x00, 0x00, 0x00, 0x00}, /*"i",73*/
    {0x00, 0x00, 0x00, 0x00, 0x00, 0x00, 0x00, 0x00, 0x00, 0x00, 0x00, 0x00, 0x00, 0x38, 0x00, 0x38, 0x00, 0x38, 0x00, 0x00, 0x00, 0x00, 0x00, 0x00, 0x00, 0x10, 0x80, 0x1F, 0x00, 0x18, 0x00, 0x18, 0x00, 0x18, 0x00, 0x18, 0x00, 0x18, 0x00, 0x18, 0x00, 0x18, 0x00, 0x18, 0x00, 0x18, 0x00, 0x18, 0x00, 0x18, 0x00, 0x18, 0x00, 0x18, 0x00, 0x18, 0x00, 0x18, 0x18, 0x0C, 0x18, 0x06, 0xF0, 0x03}, /*"j",74*/
    {0x00, 0x00, 0x00, 0x00, 0x00, 0x00, 0x00, 0x00, 0x00, 0x00, 0x10, 0x00, 0x1E, 0x00, 0x18, 0x00, 0x18, 0x00, 0x18, 0x00, 0x18, 0x00, 0x18, 0x00, 0x18, 0x00, 0x18, 0x3E, 0x18, 0x0C, 0x18, 0x06, 0x18, 0x03, 0x18, 0x01, 0x98, 0x01, 0xD8, 0x01, 0x38, 0x03, 0x18, 0x07, 0x18, 0x06, 0x18, 0x0C, 0x18, 0x1C, 0x18, 0x18, 0x7E, 0x7C, 0x00, 0x00, 0x00, 0x00, 0x00, 0x00, 0x00, 0x00, 0x00, 0x00}, /*"k",75*/
    {0x00, 0x00, 0x00, 0x00, 0x00, 0x00, 0x00, 0x00, 0x00, 0x00, 0x00, 0x01, 0xF8, 0x01, 0x80, 0x01, 0x80, 0x01, 0x80, 0x01, 0x80, 0x01, 0x80, 0x01, 0x80, 0x01, 0x80, 0x01, 0x80, 0x01, 0x80, 0x01, 0x80, 0x01, 0x80, 0x01, 0x80, 0x01, 0x80, 0x01, 0x80, 0x01, 0x80, 0x01, 0x80, 0x01, 0x80, 0x01, 0x80, 0x01, 0x80, 0x01, 0xF8, 0x1F, 0x00, 0x00, 0x00, 0x00, 0x00, 0x00, 0x00, 0x00, 0x00, 0x00}, /*"l",76*/
    {0x00, 0x00, 0x00, 0x00, 0x00, 0x00, 0x00, 0x00, 0x00, 0x00, 0x00, 0x00, 0x00, 0x00, 0x00, 0x00, 0x00, 0x00, 0x00, 0x00, 0x00, 0x00, 0x00, 0x00, 0x08, 0x00, 0xEE, 0x1C, 0x9C, 0x33, 0x8C, 0x31, 0x8C, 0x31, 0x8C, 0x31, 0x8C, 0x31, 0x8C, 0x31, 0x8C, 0x31, 0x8C, 0x31, 0x8C, 0x31, 0x8C, 0x31, 0x8C, 0x31, 0x8C, 0x31, 0xDE, 0x7B, 0x00, 0x00, 0x00, 0x00, 0x00, 0x00, 0x00, 0x00, 0x00, 0x00}, /*"m",77*/
    {0x00, 0x00, 0x00, 0x00, 0x00, 0x00, 0x00, 0x00, 0x00, 0x00, 0x00, 0x00, 0x00, 0x00, 0x00, 0x00, 0x00, 0x00, 0x00, 0x00, 0x00, 0x00, 0x00, 0x00, 0x10, 0x00, 0x1E, 0x0F, 0xD8, 0x18, 0x38, 0x30, 0x18, 0x30, 0x18, 0x30, 0x18, 0x30, 0x18, 0x30, 0x18, 0x30, 0x18, 0x30, 0x18, 0x30, 0x18, 0x30, 0x18, 0x30, 0x18, 0x30, 0x7E, 0xFC, 0x00, 0x00, 0x00, 0x00, 0x00, 0x00, 0x00, 0x00, 0x00, 0x00}, /*"n",78*/
    {0x00, 0x00, 0x00, 0x00, 0x00, 0x00, 0x00, 0x00, 0x00, 0x00, 0x00, 0x00, 0x00, 0x00, 0x00, 0x00, 0x00, 0x00, 0x00, 0x00, 0x00, 0x00, 0x00, 0x00, 0x00, 0x00, 0xC0, 0x07, 0x70, 0x1C, 0x10, 0x30, 0x18, 0x30, 0x0C, 0x60, 0x0C, 0x60, 0x0C, 0x60, 0x0C, 0x60, 0x0C, 0x60, 0x0C, 0x60, 0x18, 0x30, 0x18, 0x30, 0x30, 0x18, 0xC0, 0x07, 0x00, 0x00, 0x00, 0x00, 0x00, 0x00, 0x00, 0x00, 0x00, 0x00}, /*"o",79*/
    {0x00, 0x00, 0x00, 0x00, 0x00, 0x00, 0x00, 0x00, 0x00, 0x00, 0x00, 0x00, 0x00, 0x00, 0x00, 0x00, 0x00, 0x00, 0x00, 0x00, 0x00, 0x00, 0x00, 0x00, 0x10, 0x00, 0x9E, 0x0F, 0x58, 0x18, 0x38, 0x30, 0x18, 0x20, 0x18, 0x60, 0x18, 0x60, 0x18, 0x60, 0x18, 0x60, 0x18, 0x60, 0x18, 0x60, 0x18, 0x30, 0x38, 0x30, 0x78, 0x18, 0x98, 0x07, 0x18, 0x00, 0x18, 0x00, 0x18, 0x00, 0x18, 0x00, 0x7E, 0x00}, /*"p",80*/
    {0x00, 0x00, 0x00, 0x00, 0x00, 0x00, 0x00, 0x00, 0x00, 0x00, 0x00, 0x00, 0x00, 0x00, 0x00, 0x00, 0x00, 0x00, 0x00, 0x00, 0x00, 0x00, 0x00, 0x00, 0x00, 0x00, 0xC0, 0x23, 0x30, 0x3C, 0x18, 0x38, 0x18, 0x30, 0x0C, 0x30, 0x0C, 0x30, 0x0C, 0x30, 0x0C, 0x30, 0x0C, 0x30, 0x0C, 0x30, 0x08, 0x30, 0x18, 0x38, 0x30, 0x3C, 0xE0, 0x33, 0x00, 0x30, 0x00, 0x30, 0x00, 0x30, 0x00, 0x30, 0x00, 0xFC}, /*"q",81*/
    {0x00, 0x00, 0x00, 0x00, 0x00, 0x00, 0x00, 0x00, 0x00, 0x00, 0x00, 0x00, 0x00, 0x00, 0x00, 0x00, 0x00, 0x00, 0x00, 0x00, 0x00, 0x00, 0x00, 0x00, 0x60, 0x00, 0x7E, 0x3C, 0x60, 0x66, 0x60, 0x61, 0xE0, 0x00, 0xE0, 0x00, 0x60, 0x00, 0x60, 0x00, 0x60, 0x00, 0x60, 0x00, 0x60, 0x00, 0x60, 0x00, 0x60, 0x00, 0x60, 0x00, 0xFE, 0x07, 0x00, 0x00, 0x00, 0x00, 0x00, 0x00, 0x00, 0x00, 0x00, 0x00}, /*"r",82*/
    {0x00, 0x00, 0x00, 0x00, 0x00, 0x00, 0x00, 0x00, 0x00, 0x00, 0x00, 0x00, 0x00, 0x00, 0x00, 0x00, 0x00, 0x00, 0x00, 0x00, 0x00, 0x00, 0x00, 0x00, 0x00, 0x00, 0xE0, 0x27, 0x30, 0x38, 0x18, 0x30, 0x18, 0x20, 0x18, 0x00, 0x70, 0x00, 0xE0, 0x03, 0x80, 0x0F, 0x00, 0x1C, 0x04, 0x30, 0x04, 0x30, 0x0C, 0x30, 0x1C, 0x18, 0xEC, 0x0F, 0x00, 0x00, 0x00, 0x00, 0x00, 0x00, 0x00, 0x00, 0x00, 0x00}, /*"s",83*/
    {0x00, 0x00, 0x00, 0x00, 0x00, 0x00, 0x00, 0x00, 0x00, 0x00, 0x00, 0x00, 0x00, 0x00, 0x00, 0x00, 0x80, 0x00, 0x80, 0x00, 0x80, 0x00, 0xC0, 0x00, 0xE0, 0x00, 0xFC, 0x1F, 0xC0, 0x00, 0xC0, 0x00, 0xC0, 0x00, 0xC0, 0x00, 0xC0, 0x00, 0xC0, 0x00, 0xC0, 0x00, 0xC0, 0x00, 0xC0, 0x00, 0xC0, 0x20, 0xC0, 0x20, 0x80, 0x11, 0x00, 0x0F, 0x00, 0x00, 0x00, 0x00, 0x00, 0x00, 0x00, 0x00, 0x00, 0x00}, /*"t",84*/
    {0x00, 0x00, 0x00, 0x00, 0x00, 0x00, 0x00, 0x00, 0x00, 0x00, 0x00, 0x00, 0x00, 0x00, 0x00, 0x00, 0x00, 0x00, 0x00, 0x00, 0x00, 0x00, 0x00, 0x00, 0x10, 0x20, 0x1E, 0x3C, 0x18, 0x30, 0x18, 0x30, 0x18, 0x30, 0x18, 0x30, 0x18, 0x30, 0x18, 0x30, 0x18, 0x30, 0x18, 0x30, 0x18, 0x30, 0x18, 0x30, 0x18, 0x38, 0x30, 0xF4, 0xE0, 0x13, 0x00, 0x00, 0x00, 0x00, 0x00, 0x00, 0x00, 0x00, 0x00, 0x00}, /*"u",85*/
    {0x00, 0x00, 0x00, 0x00, 0x00, 0x00, 0x00, 0x00, 0x00, 0x00, 0x00, 0x00, 0x00, 0x00, 0x00, 0x00, 0x00, 0x00, 0x00, 0x00, 0x00, 0x00, 0x00, 0x00, 0x00, 0x00, 0x7E, 0x3C, 0x18, 0x18, 0x18, 0x08, 0x38, 0x08, 0x30, 0x04, 0x30, 0x04, 0x70, 0x02, 0x60, 0x02, 0x60, 0x02, 0xE0, 0x01, 0xC0, 0x01, 0xC0, 0x01, 0xC0, 0x00, 0x80, 0x00, 0x00, 0x00, 0x00, 0x00, 0x00, 0x00, 0x00, 0x00, 0x00, 0x00}, /*"v",86*/
    {0x00, 0x00, 0x00, 0x00, 0x00, 0x00, 0x00, 0x00, 0x00, 0x00, 0x00, 0x00, 0x00, 0x00, 0x00, 0x00, 0x00, 0x00, 0x00, 0x00, 0x00, 0x00, 0x00, 0x00, 0x00, 0x00, 0xDF, 0xF7, 0x8E, 0x63, 0x0C, 0x23, 0x8C, 0x23, 0x8C, 0x23, 0x98, 0x13, 0x98, 0x13, 0x58, 0x16, 0x58, 0x16, 0x70, 0x0E, 0x70, 0x0E, 0x70, 0x0E, 0x20, 0x04, 0x20, 0x04, 0x00, 0x00, 0x00, 0x00, 0x00, 0x00, 0x00, 0x00, 0x00, 0x00}, /*"w",87*/
    {0x00, 0x00, 0x00, 0x00, 0x00, 0x00, 0x00, 0x00, 0x00, 0x00, 0x00, 0x00, 0x00, 0x00, 0x00, 0x00, 0x00, 0x00, 0x00, 0x00, 0x00, 0x00, 0x00, 0x00, 0x00, 0x00, 0xFC, 0x3E, 0x70, 0x08, 0x70, 0x04, 0xE0, 0x04, 0xC0, 0x02, 0xC0, 0x01, 0x80, 0x03, 0x80, 0x03, 0x40, 0x07, 0x60, 0x06, 0x20, 0x0C, 0x10, 0x0C, 0x18, 0x18, 0x3E, 0x7E, 0x00, 0x00, 0x00, 0x00, 0x00, 0x00, 0x00, 0x00, 0x00, 0x00}, /*"x",88*/
    {0x00, 0x00, 0x00, 0x00, 0x00, 0x00, 0x00, 0x00, 0x00, 0x00, 0x00, 0x00, 0x00, 0x00, 0x00, 0x00, 0x00, 0x00, 0x00, 0x00, 0x00, 0x00, 0x00, 0x00, 0x00, 0x00, 0x7E, 0x7C, 0x18, 0x18, 0x18, 0x08, 0x30, 0x08, 0x30, 0x08, 0x30, 0x04, 0x60, 0x04, 0x60, 0x04, 0xC0, 0x02, 0xC0, 0x02, 0xC0, 0x02, 0x80, 0x01, 0x80, 0x01, 0x80, 0x01, 0x80, 0x00, 0x80, 0x00, 0x80, 0x00, 0x4C, 0x00, 0x3C, 0x00}, /*"y",89*/
    {0x00, 0x00, 0x00, 0x00, 0x00, 0x00, 0x00, 0x00, 0x00, 0x00, 0x00, 0x00, 0x00, 0x00, 0x00, 0x00, 0x00, 0x00, 0x00, 0x00, 0x00, 0x00, 0x00, 0x00, 0x00, 0x00, 0xFC, 0x1F, 0x0C, 0x0C, 0x04, 0x0E, 0x04, 0x06, 0x00, 0x03, 0x80, 0x03, 0x80, 0x01, 0xC0, 0x00, 0xE0, 0x00, 0x70, 0x20, 0x30, 0x20, 0x38, 0x30, 0x1C, 0x18, 0xFC, 0x1F, 0x00, 0x00, 0x00, 0x00, 0x00, 0x00, 0x00, 0x00, 0x00, 0x00}, /*"z",90*/
    {0x00, 0x00, 0x00, 0x00, 0x00, 0x00, 0x00, 0x30, 0x00, 0x08, 0x00, 0x04, 0x00, 0x04, 0x00, 0x04, 0x00, 0x04, 0x00, 0x04, 0x00, 0x04, 0x00, 0x04, 0x00, 0x04, 0x00, 0x04, 0x00, 0x04, 0x00, 0x02, 0x80, 0x01, 0x00, 0x02, 0x00, 0x04, 0x00, 0x04, 0x00, 0x04, 0x00, 0x04, 0x00, 0x04, 0x00, 0x04, 0x00, 0x04, 0x00, 0x04, 0x00, 0x04, 0x00, 0x04, 0x00, 0x04, 0x00, 0x08, 0x00, 0x30, 0x00, 0x00}, /*"{",91*/
    {0x00, 0x01, 0x00, 0x01, 0x00, 0x01, 0x00, 0x01, 0x00, 0x01, 0x00, 0x01, 0x00, 0x01, 0x00, 0x01, 0x00, 0x01, 0x00, 0x01, 0x00, 0x01, 0x00, 0x01, 0x00, 0x01, 0x00, 0x01, 0x00, 0x01, 0x00, 0x01, 0x00, 0x01, 0x00, 0x01, 0x00, 0x01, 0x00, 0x01, 0x00, 0x01, 0x00, 0x01, 0x00, 0x01, 0x00, 0x01, 0x00, 0x01, 0x00, 0x01, 0x00, 0x01, 0x00, 0x01, 0x00, 0x01, 0x00, 0x01, 0x00, 0x01, 0x00, 0x01}, /*"|",92*/
    {0x00, 0x00, 0x00, 0x00, 0x00, 0x00, 0x0C, 0x00, 0x10, 0x00, 0x20, 0x00, 0x20, 0x00, 0x20, 0x00, 0x20, 0x00, 0x20, 0x00, 0x20, 0x00, 0x20, 0x00, 0x20, 0x00, 0x20, 0x00, 0x20, 0x00, 0x40, 0x00, 0x80, 0x01, 0x40, 0x00, 0x20, 0x00, 0x20, 0x00, 0x20, 0x00, 0x20, 0x00, 0x20, 0x00, 0x20, 0x00, 0x20, 0x00, 0x20, 0x00, 0x20, 0x00, 0x20, 0x00, 0x20, 0x00, 0x10, 0x00, 0x0C, 0x00, 0x00, 0x00}, /*"}",93*/
    {0x00, 0x00, 0x38, 0x00, 0xC4, 0x00, 0x86, 0x40, 0x02, 0x61, 0x00, 0x22, 0x00, 0x1C, 0x00, 0x00, 0x00, 0x00, 0x00, 0x00, 0x00, 0x00, 0x00, 0x00, 0x00, 0x00, 0x00, 0x00, 0x00, 0x00, 0x00, 0x00, 0x00, 0x00, 0x00, 0x00, 0x00, 0x00, 0x00, 0x00, 0x00, 0x00, 0x00, 0x00, 0x00, 0x00, 0x00, 0x00, 0x00, 0x00, 0x00, 0x00, 0x00, 0x00, 0x00, 0x00, 0x00, 0x00, 0x00, 0x00, 0x00, 0x00, 0x00, 0x00}, /*"~",94*/
};

/* 图片(皮卡丘) */
const unsigned char gImage_2[16000] = {
    /* 0X00,0X10,0X64,0X00,0X50,0X00,0X01,0X1B, */
    0XC2,0XF6,0XC2,0XF6,0XC2,0XF6,0XC2,0XF6,0XC2,0XF6,0XC2,0XF6,0XC2,0XF6,0XC2,0XF6,
    0XC2,0XF6,0XC2,0XF6,0XC2,0XF6,0XC2,0XF6,0XC1,0XF6,0X81,0X18,0XA3,0X38,0XA3,0X38,
    0X83,0X40,0XC7,0XF6,0XA8,0XFE,0XA8,0XFE,0XA8,0XFE,0XA8,0XFE,0XA8,0XFE,0XA8,0XFE,
    0XA8,0XFE,0XA8,0XFE,0X2A,0XFF,0XC0,0X41,0XC1,0XFE,0XC2,0XF6,0XC2,0XF6,0XC2,0XF6,
    0XC2,0XF6,0XC2,0XF6,0XC2,0XF6,0XC2,0XF6,0XC2,0XF6,0XC2,0XF6,0XC2,0XF6,0XC2,0XF6,
    0XC2,0XF6,0XC2,0XF6,0XC2,0XF6,0XC2,0XF6,0XC2,0XF6,0XC2,0XF6,0XC2,0XF6,0XC2,0XF6,
    0XC2,0XF6,0XC2,0XF6,0XC2,0XF6,0XC2,0XF6,0XC2,0XF6,0XC2,0XF6,0XC2,0XF6,0XC2,0XF6,
    0X04,0X00,0X2A,0XFE,0X2A,0XFE,0X0A,0XFE,0X0A,0XFE,0X0A,0XFE,0X0A,0XFE,0XAC,0XE5,
    0X62,0XB5,0XC2,0XF6,0XC2,0XF6,0XC2,0XF6,0XC2,0XF6,0XC2,0XF6,0XC2,0XF6,0XC2,0XF6,
    0XC2,0XF6,0XC2,0XF6,0XC2,0XF6,0XC2,0XF6,0XC2,0XF6,0XC2,0XF6,0XC2,0XF6,0XC2,0XF6,
    0XC2,0XF6,0XC2,0XF6,0XC2,0XF6,0XC2,0XF6,0XC2,0XF6,0XC2,0XF6,0XC2,0XF6,0XC2,0XF6,
    0XC2,0XF6,0XC2,0XF6,0XC2,0XF6,0XC2,0XF6,0XC2,0XF6,0XC2,0XF6,0XC2,0XF6,0XC2,0XF6,
    0XC2,0XF6,0XC2,0XF6,0XC2,0XF6,0XC2,0XF6,0XC2,0XF6,0XC2,0XF6,0XC2,0XF6,0XC2,0XF6,
    0XC2,0XF6,0XC2,0XF6,0XC2,0XF6,0XC2,0XF6,0XC2,0XF6,0XC2,0XF6,0XC2,0XF6,0XC2,0XF6,
    0XC2,0XF6,0X60,0XEE,0X61,0X10,0XA3,0X40,0X83,0X40,0XA1,0X61,0XA8,0XFE,0XA8,0XFE,
    0XA8,0XFE,0XA8,0XFE,0XA8,0XFE,0XA8,0XFE,0XA8,0XFE,0XA8,0XFE,0XA9,0XFE,0XA9,0XFE,
    0X61,0X62,0XE2,0XFE,0XC2,0XF6,0XC2,0XF6,0XC2,0XF6,0XC2,0XF6,0XC2,0XF6,0XC2,0XF6,
    0XC2,0XF6,0XC2,0XF6,0XC2,0XF6,0XC2,0XF6,0XC2,0XF6,0XC2,0XF6,0XC2,0XF6,0XC2,0XF6,
    0XC2,0XF6,0XC2,0XF6,0XC2,0XF6,0XC2,0XF6,0XC2,0XF6,0XC2,0XF6,0XC2,0XF6,0XC2,0XF6,
    0XC2,0XF6,0XC2,0XF6,0XC2,0XF6,0XC2,0XF6,0XE9,0XBC,0X2A,0XFE,0X2A,0XFE,0X0A,0XFE,
    0X0A,0XFE,0X0A,0XFE,0X0A,0XFE,0XEB,0XFD,0XE2,0XEE,0XC2,0XF6,0XC2,0XF6,0XC2,0XF6,
    0XC2,0XF6,0XC2,0XF6,0XC2,0XF6,0XC2,0XF6,0XC2,0XF6,0XC2,0XF6,0XC2,0XF6,0XC2,0XF6,
    0XC2,0XF6,0XC2,0XF6,0XC2,0XF6,0XC2,0XF6,0XC2,0XF6,0XC2,0XF6,0XC2,0XF6,0XC2,0XF6,
    0XC2,0XF6,0XC2,0XF6,0XC2,0XF6,0XC2,0XF6,0XC2,0XF6,0XC2,0XF6,0XC2,0XF6,0XC2,0XF6,
    0XC2,0XF6,0XC2,0XF6,0XC2,0XF6,0XC2,0XF6,0XC2,0XF6,0XC2,0XF6,0XC2,0XF6,0XC2,0XF6,
    0XC2,0XF6,0XC2,0XF6,0XC2,0XF6,0XC2,0XF6,0XC2,0XF6,0XC2,0XF6,0XC2,0XF6,0XC2,0XF6,
    0XC2,0XF6,0XC2,0XF6,0XC2,0XF6,0XC2,0XF6,0XC2,0XF6,0XC2,0XF6,0XE0,0XF6,0X03,0X00,
    0X63,0X40,0X64,0X38,0X88,0XFE,0XA7,0XFE,0XA8,0XFE,0XA8,0XFE,0XA8,0XFE,0XA8,0XFE,
    0XA8,0XFE,0XA8,0XFE,0XA9,0XFE,0XA9,0XFE,0XA9,0XFE,0X09,0XD6,0XE1,0XE5,0XC2,0XFE,
    0XC2,0XF6,0XC2,0XF6,0XC2,0XF6,0XC2,0XF6,0XC2,0XF6,0XC2,0XF6,0XC2,0XF6,0XC2,0XF6,
    0XC2,0XF6,0XC2,0XF6,0XC2,0XF6,0XC2,0XF6,0XC2,0XF6,0XC2,0XF6,0XC2,0XF6,0XC2,0XF6,
    0XC2,0XF6,0XC2,0XF6,0XC2,0XF6,0XC2,0XF6,0XC2,0XF6,0XC2,0XF6,0XC2,0XF6,0XC2,0XF6,
    0X08,0XFE,0X2A,0XFE,0X2A,0XFE,0X0A,0XFE,0X0A,0XFE,0X0A,0XFE,0X0A,0XFE,0XCA,0XFD,
    0XA2,0XF6,0XC2,0XF6,0XC2,0XF6,0XC2,0XF6,0XC2,0XF6,0XC2,0XF6,0XC2,0XF6,0XC2,0XF6,
    0XC2,0XF6,0XC2,0XF6,0XC2,0XF6,0XC2,0XF6,0XC2,0XF6,0XC2,0XF6,0XC2,0XF6,0XC2,0XF6,
    0XC2,0XF6,0XC2,0XF6,0XC2,0XF6,0XC2,0XF6,0XC2,0XF6,0XC2,0XF6,0XC2,0XF6,0XC2,0XF6,
    0XC2,0XF6,0XC2,0XF6,0XC2,0XF6,0XC2,0XF6,0XC2,0XF6,0XC2,0XF6,0XC2,0XF6,0XC2,0XF6,
    0XC2,0XF6,0XC2,0XF6,0XC2,0XF6,0XC2,0XF6,0XC2,0XF6,0XC2,0XF6,0XC2,0XF6,0XC2,0XF6,
    0XC2,0XF6,0XC2,0XF6,0XC2,0XF6,0XC2,0XF6,0XC2,0XF6,0XC2,0XF6,0XC2,0XF6,0XC2,0XF6,
    0XC2,0XF6,0XC2,0XF6,0XC2,0XF6,0XA1,0XEE,0X42,0X08,0X83,0X40,0XC8,0XED,0XC7,0XED,
    0X88,0XFE,0XA7,0XFE,0XA9,0XFE,0XA8,0XFE,0XA8,0XFE,0XA8,0XFE,0XA9,0XFE,0XA9,0XFE,
    0XA9,0XFE,0XA9,0XFE,0XC8,0XFE,0X40,0X29,0XC4,0XF6,0XC2,0XF6,0XC2,0XF6,0XC2,0XF6,
    0XC2,0XF6,0XC2,0XF6,0XC2,0XF6,0XC2,0XF6,0XC2,0XF6,0XC2,0XF6,0XC2,0XF6,0XC2,0XF6,
    0XC2,0XF6,0XC2,0XF6,0XC2,0XF6,0XC2,0XF6,0XC2,0XF6,0XC2,0XF6,0XC2,0XF6,0XC2,0XF6,
    0XC2,0XF6,0XC2,0XF6,0XC2,0XF6,0X64,0XD6,0X0A,0XFE,0X2A,0XFE,0X2A,0XFE,0X0A,0XFE,
    0X0A,0XFE,0X0A,0XFE,0X0A,0XFE,0X0B,0XFE,0XC2,0XF6,0XC2,0XF6,0XC2,0XF6,0XC2,0XF6,
    0XC2,0XF6,0XC2,0XF6,0XC2,0XF6,0XC2,0XF6,0XC2,0XF6,0XC2,0XF6,0XC2,0XF6,0XC2,0XF6,
    0XC2,0XF6,0XC2,0XF6,0XC2,0XF6,0XC2,0XF6,0XC2,0XF6,0XC2,0XF6,0XC2,0XF6,0XC2,0XF6,
    0XC2,0XF6,0XC2,0XF6,0XC2,0XF6,0XC2,0XF6,0XC2,0XF6,0XC2,0XF6,0XC2,0XF6,0XC2,0XF6,
    0XC2,0XF6,0XC2,0XF6,0XC2,0XF6,0XC2,0XF6,0XC2,0XF6,0XC2,0XF6,0XC2,0XF6,0XC2,0XF6,
    0XC2,0XF6,0XC2,0XF6,0XC2,0XF6,0XC2,0XF6,0XC2,0XF6,0XC2,0XF6,0XC2,0XF6,0XC2,0XF6,
    0XC2,0XF6,0XC2,0XF6,0XC2,0XF6,0XC2,0XF6,0XC2,0XF6,0XC2,0XF6,0XC2,0XF6,0XC2,0XF6,
    0XC2,0XF6,0XE2,0XAC,0XAA,0XFE,0XC8,0XED,0XC7,0XED,0XC8,0XED,0X48,0XFE,0XA8,0XFE,
    0X88,0XFE,0XA8,0XFE,0XA9,0XFE,0XA9,0XFE,0XA9,0XFE,0XA9,0XFE,0XA9,0XFE,0X88,0XFE,
    0X00,0X00,0XE3,0XFE,0XC2,0XF6,0XC2,0XF6,0XC2,0XF6,0XC2,0XF6,0XC2,0XF6,0XC2,0XF6,
    0XC2,0XF6,0XC2,0XF6,0XC2,0XF6,0XC2,0XF6,0XC2,0XF6,0XC2,0XF6,0XC2,0XF6,0XC2,0XF6,
    0XC2,0XF6,0XC2,0XF6,0XC2,0XF6,0XC2,0XF6,0XC2,0XF6,0XC2,0XF6,0XC2,0XF6,0X00,0X08,
    0XE8,0XFD,0X2A,0XFE,0X2A,0XFE,0X0A,0XFE,0X0A,0XFE,0X0A,0XFE,0X0A,0XFE,0X8A,0XE5,
    0XC2,0XF6,0XC2,0XF6,0XC2,0XF6,0XC2,0XF6,0XC2,0XF6,0XC2,0XF6,0XC2,0XF6,0XC2,0XF6,
    0XC2,0XF6,0XC2,0XF6,0XC2,0XF6,0XC2,0XF6,0XC2,0XF6,0XC2,0XF6,0XC2,0XF6,0XC2,0XF6,
    0XC2,0XF6,0XC2,0XF6,0XC2,0XF6,0XC2,0XF6,0XC2,0XF6,0XC2,0XF6,0XC2,0XF6,0XC2,0XF6,
    0XC2,0XF6,0XC2,0XF6,0XC2,0XF6,0XC2,0XF6,0XC2,0XF6,0XC2,0XF6,0XC2,0XF6,0XC2,0XF6,
    0XC2,0XF6,0XC2,0XF6,0XC2,0XF6,0XC2,0XF6,0XC2,0XF6,0XC2,0XF6,0XC2,0XF6,0XC2,0XF6,
    0XC2,0XF6,0XC2,0XF6,0XC2,0XF6,0XC2,0XF6,0XC2,0XF6,0XC2,0XF6,0XC2,0XF6,0XC2,0XF6,
    0XC2,0XF6,0XC2,0XF6,0XC2,0XF6,0XC2,0XF6,0XC2,0XF6,0XC2,0XF6,0X03,0XFF,0XE5,0X72,
    0XC5,0XE5,0XC8,0XED,0XC8,0XED,0XC8,0XED,0X89,0XFE,0XA8,0XFE,0X88,0XFE,0XA9,0XFE,
    0XA9,0XFE,0XA9,0XFE,0XA9,0XFE,0X89,0XFE,0X88,0XFE,0X01,0X08,0XC2,0XF6,0XC2,0XF6,
    0XC2,0XF6,0XC2,0XF6,0XC2,0XF6,0XE2,0XF6,0XA3,0XFE,0XC3,0XF6,0XA3,0XF6,0XC2,0XF6,
    0XC2,0XF6,0XC2,0XF6,0XC2,0XF6,0XC2,0XF6,0XC2,0XF6,0XC2,0XF6,0XC2,0XF6,0XC2,0XF6,
    0XC2,0XF6,0XC2,0XF6,0XC2,0XF6,0X20,0X18,0X2A,0XFE,0X2A,0XFE,0X2A,0XFE,0X0A,0XFE,
    0X0A,0XFE,0X0A,0XFE,0X2A,0XFE,0X81,0X18,0XC2,0XF6,0XC2,0XF6,0XC2,0XF6,0XC2,0XF6,
    0XC2,0XF6,0XC2,0XF6,0XC2,0XF6,0XC2,0XF6,0XC2,0XF6,0XC2,0XF6,0XC2,0XF6,0XC2,0XF6,
    0XC2,0XF6,0XC2,0XF6,0XC2,0XF6,0XC2,0XF6,0XC2,0XF6,0XC2,0XF6,0XC2,0XF6,0XC2,0XF6,
    0XC2,0XF6,0XC2,0XF6,0XC2,0XF6,0XC2,0XF6,0XC2,0XF6,0XC2,0XF6,0XC2,0XF6,0XC2,0XF6,
    0XC2,0XF6,0XC2,0XF6,0XC2,0XF6,0XC2,0XF6,0XC2,0XF6,0XC2,0XF6,0XC2,0XF6,0XC2,0XF6,
    0XC2,0XF6,0XC2,0XF6,0XC2,0XF6,0XC2,0XF6,0XC2,0XF6,0XC2,0XF6,0XC2,0XF6,0XC2,0XF6,
    0XC2,0XF6,0XC2,0XF6,0XC2,0XF6,0XC2,0XF6,0XC2,0XF6,0XC2,0XF6,0XC2,0XF6,0XC2,0XF6,
    0XC2,0XF6,0XC2,0XF6,0XC2,0XF6,0XC2,0XF6,0XC0,0X28,0XA9,0XED,0X68,0XED,0XA5,0XE5,
    0XC8,0XED,0XC8,0XED,0X68,0XFE,0XA9,0XFE,0XA9,0XFE,0XA9,0XFE,0XA9,0XFE,0X89,0XFE,
    0X89,0XFE,0X88,0XFE,0X63,0X18,0X83,0XEE,0X02,0XFF,0X02,0X8C,0XA1,0X10,0X20,0X00,
    0X20,0X00,0XA2,0X10,0XE2,0X83,0XC3,0XF6,0XC1,0XF6,0X81,0XE6,0XA2,0XFE,0XC2,0XF6,
    0XC2,0XF6,0XC2,0XF6,0XC2,0XF6,0XC2,0XF6,0XC2,0XF6,0XC2,0XF6,0XC2,0XF6,0X87,0XB4,
    0X2A,0XFE,0X2A,0XFE,0X2A,0XFE,0X0A,0XFE,0X0A,0XFE,0X2A,0XFE,0XEB,0XEC,0X02,0X08,
    0XC2,0XF6,0XC2,0XF6,0XC2,0XF6,0XC2,0XF6,0XC2,0XF6,0XC2,0XF6,0XC2,0XF6,0XC2,0XF6,
    0XC2,0XF6,0XC2,0XF6,0XC2,0XF6,0XC2,0XF6,0XC2,0XF6,0XC2,0XF6,0XC2,0XF6,0XC2,0XF6,
    0XC2,0XF6,0XC2,0XF6,0XC2,0XF6,0XC2,0XF6,0XC2,0XF6,0XC2,0XF6,0XC2,0XF6,0XC2,0XF6,
    0XC2,0XF6,0XC2,0XF6,0XC2,0XF6,0XC2,0XF6,0XC2,0XF6,0XC2,0XF6,0XC2,0XF6,0XC2,0XF6,
    0XC2,0XF6,0XC2,0XF6,0XC2,0XF6,0XC2,0XF6,0XC2,0XF6,0XC2,0XF6,0XC2,0XF6,0XC2,0XF6,
    0XC2,0XF6,0XC2,0XF6,0XC2,0XF6,0XC2,0XF6,0XC2,0XF6,0XC2,0XF6,0XC2,0XF6,0XC2,0XF6,
    0XC2,0XF6,0XC2,0XF6,0XC2,0XF6,0XC2,0XF6,0XC2,0XF6,0XC2,0XF6,0XC2,0XF6,0XC1,0XF6,
    0XA4,0XFE,0XC3,0XFE,0X81,0X28,0XC7,0XED,0XC8,0XED,0XC8,0XED,0XA8,0XED,0XC7,0XE5,
    0XA9,0XFE,0XA9,0XFE,0XA9,0XFE,0X89,0XFE,0X89,0XFE,0X49,0XFE,0X85,0X5A,0X8A,0XFE,
    0X88,0XFE,0X8B,0XFE,0XA9,0XF6,0X8A,0XFE,0X88,0XFE,0X88,0XFE,0X29,0XFE,0X0A,0XFE,
    0X49,0XFE,0X44,0X5A,0X22,0X08,0XC2,0XF6,0XC2,0XF6,0XC2,0XF6,0XC2,0XF6,0XC2,0XF6,
    0XC2,0XF6,0XC2,0XF6,0XC2,0XF6,0X4A,0XF6,0X2A,0XFE,0X2A,0XFE,0X2A,0XFE,0X0A,0XFE,
    0X0A,0XFE,0X09,0XFE,0XCA,0XE4,0X62,0XAD,0XC2,0XF6,0XC2,0XF6,0XC2,0XF6,0XC2,0XF6,
    0XC2,0XF6,0XC2,0XF6,0XC2,0XF6,0XC2,0XF6,0XC2,0XF6,0XC2,0XF6,0XC2,0XF6,0XC2,0XF6,
    0XC2,0XF6,0XC2,0XF6,0XC2,0XF6,0XC2,0XF6,0XC2,0XF6,0XC2,0XF6,0XC2,0XF6,0XC2,0XF6,
    0XC2,0XF6,0XC2,0XF6,0XC2,0XF6,0XC2,0XF6,0XC2,0XF6,0XC2,0XF6,0XC2,0XF6,0XC2,0XF6,
    0XC2,0XF6,0XC2,0XF6,0XC2,0XF6,0XC2,0XF6,0XC2,0XF6,0XC2,0XF6,0XC2,0XF6,0XC2,0XF6,
    0XC2,0XF6,0XC2,0XF6,0XC2,0XF6,0XC2,0XF6,0XC2,0XF6,0XC2,0XF6,0XC2,0XF6,0XC2,0XF6,
    0XC2,0XF6,0XC2,0XF6,0XC2,0XF6,0XC2,0XF6,0XC2,0XF6,0XC2,0XF6,0XC2,0XF6,0XC2,0XF6,
    0XC2,0XF6,0XC2,0XF6,0XC2,0XF6,0XC2,0XF6,0XC2,0XF6,0XC3,0XF6,0XA0,0XEE,0XC4,0XEE,
    0X80,0X20,0XC7,0XED,0XC8,0XED,0XA8,0XED,0XA8,0XED,0X07,0XEE,0XA9,0XFE,0X89,0XFE,
    0X89,0XFE,0X88,0XFE,0X89,0XFE,0X89,0XFE,0X89,0XFE,0X89,0XFE,0X89,0XFE,0X89,0XFE,
    0X89,0XFE,0X6A,0XFE,0X69,0XFE,0X69,0XFE,0X69,0XFE,0X89,0XFE,0X2A,0XFE,0X8A,0XFE,
    0XA7,0XC4,0X00,0X73,0XC2,0XF6,0XC2,0XF6,0XC2,0XF6,0XC2,0XF6,0XC2,0XF6,0X2C,0XFE,
    0X29,0XFE,0X2A,0XFE,0X2A,0XFE,0X0A,0XFE,0X0A,0XFE,0XAA,0XF5,0XEB,0XFC,0XC1,0XF6,
    0XC2,0XF6,0XC2,0XF6,0XC2,0XF6,0XC2,0XF6,0XC2,0XF6,0XC2,0XF6,0XC2,0XF6,0XC2,0XF6,
    0XC2,0XF6,0XC2,0XF6,0XC2,0XF6,0XC2,0XF6,0XC2,0XF6,0XC2,0XF6,0XC2,0XF6,0XC2,0XF6,
    0XC2,0XF6,0XC2,0XF6,0XC2,0XF6,0XC2,0XF6,0XC2,0XF6,0XC2,0XF6,0XC2,0XF6,0XC2,0XF6,
    0XC2,0XF6,0XC2,0XF6,0XC2,0XF6,0XC2,0XF6,0XC2,0XF6,0XC2,0XF6,0XC2,0XF6,0XC2,0XF6,
    0XC2,0XF6,0XC2,0XF6,0XC2,0XF6,0XC2,0XF6,0XC2,0XF6,0XC2,0XF6,0XC2,0XF6,0XC2,0XF6,
    0XC2,0XF6,0XC2,0XF6,0XC2,0XF6,0XC2,0XF6,0XC2,0XF6,0XC2,0XF6,0XC2,0XF6,0XC2,0XF6,
    0XC2,0XF6,0XC2,0XF6,0XC2,0XF6,0XC2,0XF6,0XC2,0XF6,0XC2,0XF6,0XC2,0XF6,0XC2,0XF6,
    0XC2,0XF6,0XC2,0XF6,0XC2,0XF6,0XC2,0XF6,0X83,0XEE,0XC4,0XEE,0X00,0X00,0XEA,0XED,
    0XA8,0XED,0XA8,0XED,0X88,0XED,0X89,0XFE,0X89,0XFE,0X89,0XFE,0X89,0XFE,0X89,0XFE,
    0X89,0XFE,0X89,0XFE,0X89,0XFE,0X89,0XFE,0X89,0XFE,0X6A,0XFE,0X69,0XFE,0X69,0XFE,
    0X69,0XFE,0X69,0XFE,0X49,0XFE,0X49,0XFE,0X69,0XFE,0XEA,0XF5,0X46,0XA4,0X03,0XE6,
    0X82,0XEE,0XC2,0XF6,0XC2,0XF6,0XCB,0XFD,0X29,0XFE,0X2A,0XFE,0X2A,0XFE,0X0A,0XFE,
    0X2A,0XFE,0XC9,0XEC,0X23,0X5A,0XC2,0XF6,0XC2,0XF6,0XC2,0XF6,0XC2,0XF6,0XC2,0XF6,
    0XC2,0XF6,0XC2,0XF6,0XC2,0XF6,0XC2,0XF6,0XC2,0XF6,0XC2,0XF6,0XC2,0XF6,0XC2,0XF6,
    0XC2,0XF6,0XC2,0XF6,0XC2,0XF6,0XC2,0XF6,0XC2,0XF6,0XC2,0XF6,0XC2,0XF6,0XC2,0XF6,
    0XC2,0XF6,0XC2,0XF6,0XC2,0XF6,0XC2,0XF6,0XC2,0XF6,0XC2,0XF6,0XC2,0XF6,0XC2,0XF6,
    0XC2,0XF6,0XC2,0XF6,0XC2,0XF6,0XC2,0XF6,0XC2,0XF6,0XC2,0XF6,0XC2,0XF6,0XC2,0XF6,
    0XC2,0XF6,0XC2,0XF6,0XC2,0XF6,0XC2,0XF6,0XC2,0XF6,0XC2,0XF6,0XC2,0XF6,0XC2,0XF6,
    0XC2,0XF6,0XC2,0XF6,0XC2,0XF6,0XC2,0XF6,0XC2,0XF6,0XC2,0XF6,0XC2,0XF6,0XC2,0XF6,
    0XC2,0XF6,0XC2,0XF6,0XC2,0XF6,0XC2,0XF6,0XC2,0XF6,0XC2,0XF6,0XC2,0XF6,0XC2,0XF6,
    0XC2,0XF6,0XC2,0XF6,0X63,0XF6,0X20,0XEE,0X83,0XBD,0X02,0X00,0XC6,0X93,0X8A,0XFE,
    0X89,0XFE,0X89,0XFE,0X89,0XFE,0X89,0XFE,0X89,0XFE,0X89,0XFE,0X89,0XFE,0X89,0XFE,
    0X89,0XFE,0X6A,0XFE,0X69,0XFE,0X69,0XFE,0X69,0XFE,0X69,0XFE,0X49,0XFE,0X49,0XFE,
    0X49,0XFE,0X49,0XFE,0XAB,0XFE,0X68,0XFE,0X02,0X00,0X87,0XF6,0XA2,0XF6,0X2A,0XEE,
    0X29,0XFE,0X2A,0XFE,0X2A,0XFE,0X0A,0XFE,0X2A,0XFE,0XEA,0XEC,0X41,0X08,0XC2,0XF6,
    0XC2,0XF6,0XC2,0XF6,0XC2,0XF6,0XC2,0XF6,0XC2,0XF6,0XC2,0XF6,0XC2,0XF6,0XC2,0XF6,
    0XC2,0XF6,0XC2,0XF6,0XC2,0XF6,0XC2,0XF6,0XC2,0XF6,0XC2,0XF6,0XC2,0XF6,0XC2,0XF6,
    0XC2,0XF6,0XC2,0XF6,0XC2,0XF6,0XC2,0XF6,0XC2,0XF6,0XC2,0XF6,0XC2,0XF6,0XC2,0XF6,
    0XC2,0XF6,0XC2,0XF6,0XC2,0XF6,0XC2,0XF6,0XC2,0XF6,0XC2,0XF6,0XC2,0XF6,0XC2,0XF6,
    0XC2,0XF6,0XC2,0XF6,0XC2,0XF6,0XC2,0XF6,0XC2,0XF6,0XC2,0XF6,0XC2,0XF6,0XC2,0XF6,
    0XC2,0XF6,0XC2,0XF6,0XC2,0XF6,0XC2,0XF6,0XC2,0XF6,0XC2,0XF6,0XC2,0XF6,0XC2,0XF6,
    0XC2,0XF6,0XC2,0XF6,0XC2,0XF6,0XC2,0XF6,0XC2,0XF6,0XC2,0XF6,0XC2,0XF6,0XC2,0XF6,
    0XC2,0XF6,0XC2,0XF6,0XC2,0XF6,0XC2,0XF6,0XC2,0XF6,0XC2,0XF6,0XC2,0XF6,0XC2,0XF6,
    0XC2,0XF6,0X42,0X52,0XE7,0XFE,0X89,0XFE,0X89,0XFE,0X89,0XFE,0X89,0XFE,0X89,0XFE,
    0X89,0XFE,0X89,0XFE,0X89,0XFE,0X89,0XFE,0X89,0XFE,0X6A,0XFE,0X69,0XFE,0X69,0XFE,
    0X69,0XFE,0X69,0XFE,0X49,0XFE,0X49,0XFE,0X49,0XFE,0X49,0XFE,0X49,0XFE,0X4A,0XFE,
    0X4A,0XFE,0X64,0X93,0XC2,0XF6,0X28,0XFE,0X29,0XFE,0X2A,0XFE,0X2A,0XFE,0X0A,0XFE,
    0X2A,0XED,0X0A,0XF5,0XE3,0XF6,0XC2,0XF6,0XC2,0XF6,0XC2,0XF6,0XC2,0XF6,0XC2,0XF6,
    0XC2,0XF6,0XC2,0XF6,0XC2,0XF6,0XC2,0XF6,0XC2,0XF6,0XC2,0XF6,0XC2,0XF6,0XC2,0XF6,
    0XC2,0XF6,0XC2,0XF6,0XC2,0XF6,0XC2,0XF6,0XC2,0XF6,0XC2,0XF6,0XC2,0XF6,0XC2,0XF6,
    0XC2,0XF6,0XC2,0XF6,0XC2,0XF6,0XC2,0XF6,0XC2,0XF6,0XC2,0XF6,0XC2,0XF6,0XC2,0XF6,
    0XC2,0XF6,0XC2,0XF6,0XC2,0XF6,0XC2,0XF6,0XC2,0XF6,0XC2,0XF6,0XC2,0XF6,0XC2,0XF6,
    0XC2,0XF6,0XC2,0XF6,0XC2,0XF6,0XC2,0XF6,0XC2,0XF6,0XC2,0XF6,0XC2,0XF6,0XC2,0XF6,
    0XC2,0XF6,0XC2,0XF6,0XC2,0XF6,0XC2,0XF6,0XC2,0XF6,0XC2,0XF6,0XC2,0XF6,0XC2,0XF6,
    0XC2,0XF6,0XC2,0XF6,0XC2,0XF6,0XC2,0XF6,0XC2,0XF6,0XC2,0XF6,0XC2,0XF6,0XC2,0XF6,
    0XC2,0XF6,0XC2,0XF6,0XC2,0XF6,0XC2,0XF6,0XC3,0XFE,0XE8,0XFE,0XA9,0XFE,0X89,0XFE,
    0X89,0XFE,0X89,0XFE,0X89,0XFE,0X89,0XFE,0X89,0XFE,0X89,0XFE,0X89,0XFE,0X89,0XFE,
    0X89,0XFE,0X6A,0XFE,0X69,0XFE,0X69,0XFE,0X69,0XFE,0X69,0XFE,0X49,0XFE,0X49,0XFE,
    0X49,0XFE,0X49,0XFE,0X49,0XFE,0X4A,0XFE,0X4A,0XFE,0X4A,0XFE,0XEB,0XE5,0X6A,0XFE,
    0X29,0XFE,0X2A,0XFE,0X2A,0XFE,0X2A,0XFE,0XC9,0XEC,0XE8,0XEC,0XC2,0XF6,0XC2,0XF6,
    0XC2,0XF6,0XC2,0XF6,0XC2,0XF6,0XC2,0XF6,0XC2,0XF6,0XC2,0XF6,0XC2,0XF6,0XC2,0XF6,
    0XC2,0XF6,0XC2,0XF6,0XC2,0XF6,0XC2,0XF6,0XC2,0XF6,0XC2,0XF6,0XC2,0XF6,0XC2,0XF6,
    0XC2,0XF6,0XC2,0XF6,0XC2,0XF6,0XC2,0XF6,0XC2,0XF6,0XC2,0XF6,0XC2,0XF6,0XC2,0XF6,
    0XC2,0XF6,0XC2,0XF6,0XC2,0XF6,0XC2,0XF6,0XC2,0XF6,0XC2,0XF6,0XC2,0XF6,0XC2,0XF6,
    0XC2,0XF6,0XC2,0XF6,0XC2,0XF6,0XC2,0XF6,0XC2,0XF6,0XC2,0XF6,0XC2,0XF6,0XC2,0XF6,
    0XC2,0XF6,0XC2,0XF6,0XC2,0XF6,0XC2,0XF6,0XC2,0XF6,0XC2,0XF6,0XC2,0XF6,0XC2,0XF6,
    0XC2,0XF6,0XC2,0XF6,0XC2,0XF6,0XC2,0XF6,0XC2,0XF6,0XC2,0XF6,0XC2,0XF6,0XC2,0XF6,
    0XC2,0XF6,0XC2,0XF6,0XC2,0XF6,0XC2,0XF6,0XC2,0XF6,0XC2,0XF6,0XC2,0XF6,0XC2,0XF6,
    0X02,0X00,0X88,0XFE,0XA9,0XFE,0X89,0XFE,0X89,0XFE,0X89,0XFE,0X89,0XFE,0X89,0XFE,
    0X89,0XFE,0X89,0XFE,0X89,0XFE,0X89,0XFE,0X89,0XFE,0X6A,0XFE,0X69,0XFE,0X69,0XFE,
    0X69,0XFE,0X69,0XFE,0X49,0XFE,0X49,0XFE,0X49,0XFE,0X49,0XFE,0X49,0XFE,0X4A,0XFE,
    0X4A,0XFE,0X4A,0XFE,0X29,0XFE,0X2B,0XF6,0X88,0XF5,0X2A,0XFE,0X2A,0XFE,0X4A,0XFE,
    0X0A,0XF5,0X01,0X00,0XC2,0XF6,0XC2,0XF6,0XC2,0XF6,0XC2,0XF6,0XC2,0XF6,0XC2,0XF6,
    0XC2,0XF6,0XC2,0XF6,0XC2,0XF6,0XC2,0XF6,0XC2,0XF6,0XC2,0XF6,0XC2,0XF6,0XC2,0XF6,
    0XC2,0XF6,0XC2,0XF6,0XC2,0XF6,0XC2,0XF6,0XC2,0XF6,0XC2,0XF6,0XC2,0XF6,0XC2,0XF6,
    0XC2,0XF6,0XC2,0XF6,0XC2,0XF6,0XC2,0XF6,0XC2,0XF6,0XC2,0XF6,0XC2,0XF6,0XC2,0XF6,
    0XC2,0XF6,0XC2,0XF6,0XC2,0XF6,0XC2,0XF6,0XC2,0XF6,0XC2,0XF6,0XC2,0XF6,0XC2,0XF6,
    0XC2,0XF6,0XC2,0XF6,0XC2,0XF6,0XC2,0XF6,0XC2,0XF6,0XC2,0XF6,0XC2,0XF6,0XC2,0XF6,
    0XC2,0XF6,0XC2,0XF6,0XC2,0XF6,0XC2,0XF6,0XC2,0XF6,0XC2,0XF6,0XC2,0XF6,0XC2,0XF6,
    0XC2,0XF6,0XC2,0XF6,0XC2,0XF6,0XC2,0XF6,0XC2,0XF6,0XC2,0XF6,0XC2,0XF6,0XC2,0XF6,
    0XC2,0XF6,0XC2,0XF6,0XC2,0XF6,0XA3,0XFF,0XA8,0XFE,0XA9,0XFE,0XA9,0XFE,0X89,0XFE,
    0X89,0XFE,0X89,0XFE,0X89,0XFE,0X89,0XFE,0X89,0XFE,0X89,0XFE,0X89,0XFE,0X89,0XFE,
    0X89,0XFE,0X6A,0XFE,0X69,0XFE,0X69,0XFE,0X69,0XFE,0X69,0XFE,0X49,0XFE,0X49,0XFE,
    0X49,0XFE,0X49,0XFE,0X49,0XFE,0X4A,0XFE,0X4A,0XFE,0X4A,0XFE,0X29,0XFE,0X29,0XFE,
    0X8B,0XF6,0X2A,0XFE,0X2A,0XFE,0XAA,0XF5,0X88,0XEC,0X04,0XF7,0XC2,0XF6,0XC2,0XF6,
    0XC2,0XF6,0XC2,0XF6,0XC2,0XF6,0XC2,0XF6,0XC2,0XF6,0XC2,0XF6,0XC2,0XF6,0XC2,0XF6,
    0XC2,0XF6,0XC2,0XF6,0XC2,0XF6,0XC2,0XF6,0XC2,0XF6,0XC2,0XF6,0XC2,0XF6,0XC2,0XF6,
    0XC2,0XF6,0XC2,0XF6,0XC2,0XF6,0XC2,0XF6,0XC2,0XF6,0XC2,0XF6,0XC2,0XF6,0XC2,0XF6,
    0XC2,0XF6,0XC2,0XF6,0XC2,0XF6,0XC2,0XF6,0XC2,0XF6,0XC2,0XF6,0XC2,0XF6,0XC2,0XF6,
    0XC2,0XF6,0XC2,0XF6,0XC2,0XF6,0XC2,0XF6,0XC2,0XF6,0XC2,0XF6,0XC2,0XF6,0XC2,0XF6,
    0XC2,0XF6,0XC2,0XF6,0XC2,0XF6,0XC2,0XF6,0XC2,0XF6,0XC2,0XF6,0XC2,0XF6,0XC2,0XF6,
    0XC2,0XF6,0XC2,0XF6,0XC2,0XF6,0XC2,0XF6,0XC2,0XF6,0XC2,0XF6,0XC2,0XF6,0XC2,0XF6,
    0XC2,0XF6,0XC2,0XF6,0XC2,0XF6,0XC2,0XF6,0XC2,0XF6,0XC2,0XF6,0XC2,0XF6,0X00,0X00,
    0XA9,0XFE,0XA9,0XFE,0XA9,0XFE,0XE9,0XFE,0X68,0XEE,0X09,0XFF,0X89,0XFE,0X89,0XFE,
    0X89,0XFE,0X89,0XFE,0X89,0XFE,0X89,0XFE,0X89,0XFE,0X6A,0XFE,0X69,0XFE,0X69,0XFE,
    0X69,0XFE,0X69,0XFE,0X49,0XFE,0X49,0XFE,0X49,0XFE,0X49,0XFE,0X49,0XFE,0X4A,0XFE,
    0X4A,0XFE,0X4A,0XFE,0X29,0XFE,0X49,0XFE,0X29,0XFE,0X2A,0XFE,0X2A,0XFE,0X09,0XED,
    0X05,0X08,0XC2,0XF6,0XC2,0XF6,0XC2,0XF6,0XC2,0XF6,0XC2,0XF6,0XC2,0XF6,0XC2,0XF6,
    0XC2,0XF6,0XC2,0XF6,0XC2,0XF6,0XC2,0XF6,0XC2,0XF6,0XC2,0XF6,0XC2,0XF6,0XC2,0XF6,
    0XC2,0XF6,0XC2,0XF6,0XC2,0XF6,0XC2,0XF6,0XC2,0XF6,0XC2,0XF6,0XC2,0XF6,0XC2,0XF6,
    0XC2,0XF6,0XC2,0XF6,0XC2,0XF6,0XC2,0XF6,0XC2,0XF6,0XC2,0XF6,0XC2,0XF6,0XC2,0XF6,
    0XC2,0XF6,0XC2,0XF6,0XC2,0XF6,0XC2,0XF6,0XC2,0XF6,0XC2,0XF6,0XC2,0XF6,0XC2,0XF6,
    0XC2,0XF6,0XC2,0XF6,0XC2,0XF6,0XC2,0XF6,0XC2,0XF6,0XC2,0XF6,0XC2,0XF6,0XC2,0XF6,
    0XC2,0XF6,0XC2,0XF6,0XC2,0XF6,0XC2,0XF6,0XC2,0XF6,0XC2,0XF6,0XC2,0XF6,0XC2,0XF6,
    0XC2,0XF6,0XC2,0XF6,0XC2,0XF6,0XC2,0XF6,0XC2,0XF6,0XC2,0XF6,0XC2,0XF6,0XC2,0XF6,
    0XC2,0XF6,0XC2,0XF6,0XC2,0XF6,0XA8,0XFE,0XA9,0XFE,0XA9,0XFE,0X69,0XFE,0X43,0X41,
    0XA2,0X38,0X82,0X40,0X20,0X20,0X89,0XFE,0X89,0XFE,0X89,0XFE,0X89,0XFE,0X89,0XFE,
    0X89,0XFE,0X6A,0XFE,0X69,0XFE,0X69,0XFE,0X69,0XFE,0X69,0XFE,0X49,0XFE,0X49,0XFE,
    0X49,0XFE,0X49,0XFE,0X49,0XFE,0X4A,0XFE,0X4A,0XFE,0X4A,0XFE,0X29,0XFE,0X49,0XFE,
    0X29,0XFE,0X2A,0XFE,0X2A,0XFE,0XC9,0XEC,0X82,0XEE,0XC2,0XF6,0XC2,0XF6,0XC2,0XF6,
    0XC2,0XF6,0XC2,0XF6,0XC2,0XF6,0XC2,0XF6,0XC2,0XF6,0XC2,0XF6,0XC2,0XF6,0XC2,0XF6,
    0XC2,0XF6,0XC2,0XF6,0XC2,0XF6,0XC2,0XF6,0XC2,0XF6,0XC2,0XF6,0XC2,0XF6,0XC2,0XF6,
    0XC2,0XF6,0XC2,0XF6,0XC2,0XF6,0XC2,0XF6,0XC2,0XF6,0XC2,0XF6,0XC2,0XF6,0XC2,0XF6,
    0XC2,0XF6,0XC2,0XF6,0XC2,0XF6,0XC2,0XF6,0XC2,0XF6,0XC2,0XF6,0XC2,0XF6,0XC2,0XF6,
    0XC2,0XF6,0XC2,0XF6,0XC2,0XF6,0XC2,0XF6,0XC2,0XF6,0XC2,0XF6,0XC2,0XF6,0XC2,0XF6,
    0XC2,0XF6,0XC2,0XF6,0XC2,0XF6,0XC2,0XF6,0XC2,0XF6,0XC2,0XF6,0XC2,0XF6,0XC2,0XF6,
    0XC2,0XF6,0XC2,0XF6,0XC2,0XF6,0XC2,0XF6,0XC2,0XF6,0XC2,0XF6,0XC2,0XF6,0XC2,0XF6,
    0XC2,0XF6,0XC2,0XF6,0XC2,0XF6,0XC2,0XF6,0XC2,0XF6,0XC2,0XF6,0XA4,0XF6,0XAB,0XFE,
    0XA9,0XFE,0XA9,0XFE,0XC0,0X20,0X02,0X41,0X82,0X40,0XFF,0XFF,0XDE,0XFF,0X8A,0XFE,
    0X89,0XFE,0X89,0XFE,0X89,0XFE,0X89,0XFE,0X89,0XFE,0X6A,0XFE,0X69,0XFE,0X69,0XFE,
    0X69,0XFE,0X69,0XFE,0X49,0XFE,0X49,0XFE,0X49,0XFE,0X49,0XFE,0X49,0XFE,0X4A,0XFE,
    0X4A,0XFE,0X4A,0XFE,0X29,0XFE,0X49,0XFE,0X29,0XFE,0X2A,0XFE,0XC6,0XF5,0XC2,0X30,
    0XC2,0XF6,0XC2,0XF6,0XC2,0XF6,0XC2,0XF6,0XC2,0XF6,0XC2,0XF6,0XC2,0XF6,0XC2,0XF6,
    0XC2,0XF6,0XC2,0XF6,0XC2,0XF6,0XC2,0XF6,0XC2,0XF6,0XC2,0XF6,0XC2,0XF6,0XC2,0XF6,
    0XC2,0XF6,0XC2,0XF6,0XC2,0XF6,0XC2,0XF6,0XC2,0XF6,0XC2,0XF6,0XC2,0XF6,0XC2,0XF6,
    0XC2,0XF6,0XC2,0XF6,0XC2,0XF6,0XC2,0XF6,0XC2,0XF6,0XC2,0XF6,0XC2,0XF6,0XC2,0XF6,
    0XC2,0XF6,0XC2,0XF6,0XC2,0XF6,0XC2,0XF6,0XC2,0XF6,0XC2,0XF6,0XC2,0XF6,0XC2,0XF6,
    0XC2,0XF6,0XC2,0XF6,0XC2,0XF6,0XC2,0XF6,0XC2,0XF6,0XC2,0XF6,0XC2,0XF6,0XC2,0XF6,
    0XC2,0XF6,0XC2,0XF6,0XC2,0XF6,0XC2,0XF6,0XC2,0XF6,0XC2,0XF6,0XC2,0XF6,0XC2,0XF6,
    0XC2,0XF6,0XC2,0XF6,0XC2,0XF6,0XC2,0XF6,0XC2,0XF6,0XC2,0XF6,0XC2,0XF6,0XC2,0XF6,
    0XC2,0XF6,0XC2,0XF6,0X60,0X08,0XA9,0XFE,0XA9,0XFE,0XA9,0XFE,0X22,0X41,0X02,0X41,
    0XC2,0X40,0XFF,0XFF,0XFF,0XFF,0XC2,0X6A,0X89,0XFE,0X89,0XFE,0X89,0XFE,0X89,0XFE,
    0X89,0XFE,0X6A,0XFE,0X69,0XFE,0X69,0XFE,0X69,0XFE,0X69,0XFE,0X49,0XFE,0X49,0XFE,
    0X49,0XFE,0X49,0XFE,0X49,0XFE,0X4A,0XFE,0X4A,0XFE,0X4A,0XFE,0X29,0XFE,0X49,0XFE,
    0X29,0XFE,0X2A,0XFE,0X66,0XB4,0XC3,0XFE,0XC2,0XF6,0XC2,0XF6,0XC2,0XF6,0XC2,0XF6,
    0XC2,0XF6,0XC2,0XF6,0XC2,0XF6,0XC2,0XF6,0XC2,0XF6,0XC2,0XF6,0XC2,0XF6,0XC2,0XF6,
    0XC2,0XF6,0XC2,0XF6,0XC2,0XF6,0XC2,0XF6,0XC2,0XF6,0XC2,0XF6,0XC2,0XF6,0XC2,0XF6,
    0XC2,0XF6,0XC2,0XF6,0XC2,0XF6,0XC2,0XF6,0XC2,0XF6,0XC2,0XF6,0XC2,0XF6,0XC2,0XF6,
    0XC2,0XF6,0XC2,0XF6,0XC2,0XF6,0XC2,0XF6,0XC2,0XF6,0XC2,0XF6,0XC2,0XF6,0XC2,0XF6,
    0XC2,0XF6,0XC2,0XF6,0XC2,0XF6,0XC2,0XF6,0XC2,0XF6,0XC2,0XF6,0XC2,0XF6,0XC2,0XF6,
    0XC2,0XF6,0XC2,0XF6,0XC2,0XF6,0XC2,0XF6,0XC2,0XF6,0XC2,0XF6,0XC2,0XF6,0XC2,0XF6,
    0XC2,0XF6,0XC2,0XF6,0XC2,0XF6,0XC2,0XF6,0XC2,0XF6,0XC2,0XF6,0XC2,0XF6,0XC2,0XF6,
    0XC2,0XF6,0XC2,0XF6,0XC2,0XF6,0XC2,0XF6,0XC2,0XF6,0X87,0XFF,0X87,0XFE,0XA9,0XFE,
    0XA9,0XFE,0XA9,0XFE,0X42,0X31,0X02,0X41,0XE2,0X40,0XA2,0X38,0X44,0X38,0X89,0XFE,
    0X89,0XFE,0X89,0XFE,0X89,0XFE,0X89,0XFE,0X89,0XFE,0X6A,0XFE,0X69,0XFE,0X69,0XFE,
    0X69,0XFE,0X69,0XFE,0X49,0XFE,0X49,0XFE,0X49,0XFE,0X49,0XFE,0X49,0XFE,0X4A,0XFE,
    0X4A,0XFE,0X4A,0XFE,0X29,0XFE,0X49,0XFE,0X29,0XFE,0X2A,0XFE,0XE9,0XF5,0XA2,0XF6,
    0XC2,0XF6,0XC2,0XF6,0XC2,0XF6,0XC2,0XF6,0XC2,0XF6,0XC2,0XF6,0XC2,0XF6,0XC2,0XF6,
    0XC2,0XF6,0XC2,0XF6,0XC2,0XF6,0XC2,0XF6,0XC2,0XF6,0XC2,0XF6,0XC2,0XF6,0XC2,0XF6,
    0XC2,0XF6,0XC2,0XF6,0XC2,0XF6,0XC2,0XF6,0XC2,0XF6,0XC2,0XF6,0XC2,0XF6,0XC2,0XF6,
    0XC2,0XF6,0XC2,0XF6,0XC2,0XF6,0XC2,0XF6,0XC2,0XF6,0XC2,0XF6,0XC2,0XF6,0XC2,0XF6,
    0XC2,0XF6,0XC2,0XF6,0XC2,0XF6,0XC2,0XF6,0XC2,0XF6,0XC2,0XF6,0XC2,0XF6,0XC2,0XF6,
    0XC2,0XF6,0XC2,0XF6,0XC2,0XF6,0XC2,0XF6,0XC2,0XF6,0XC2,0XF6,0XC2,0XF6,0XC2,0XF6,
    0XC2,0XF6,0XC2,0XF6,0XC2,0XF6,0XC2,0XF6,0XC2,0XF6,0XC2,0XF6,0XC2,0XF6,0XC2,0XF6,
    0XC2,0XF6,0XC2,0XF6,0XC2,0XF6,0XC2,0XF6,0XC2,0XF6,0XC2,0XF6,0XC2,0XF6,0XC2,0XF6,
    0XA3,0XEE,0X22,0X52,0XC9,0XFE,0X8A,0XFE,0XA9,0XFE,0XA9,0XFE,0XCA,0XFE,0X63,0X49,
    0XC4,0X40,0XC1,0X40,0X00,0X08,0X89,0XFE,0X89,0XFE,0X89,0XFE,0X89,0XFE,0X89,0XFE,
    0X89,0XFE,0X6A,0XFE,0X69,0XFE,0X69,0XFE,0X69,0XFE,0X69,0XFE,0X49,0XFE,0X49,0XFE,
    0X49,0XFE,0X49,0XFE,0X49,0XFE,0X29,0XFE,0X69,0XFE,0X09,0XF6,0X29,0XFE,0X49,0XFE,
    0X29,0XFE,0X2A,0XFE,0X29,0XFE,0X81,0XF6,0XC2,0XF6,0XC2,0XF6,0XC2,0XF6,0XC2,0XF6,
    0XC2,0XF6,0XC2,0XF6,0XC2,0XF6,0XC2,0XF6,0XC2,0XF6,0XC2,0XF6,0XC2,0XF6,0XC2,0XF6,
    0XC2,0XF6,0XC2,0XF6,0XC2,0XF6,0XC2,0XF6,0XC2,0XF6,0XC2,0XF6,0XC2,0XF6,0XC2,0XF6,
    0XC2,0XF6,0XC2,0XF6,0XC2,0XF6,0XC2,0XF6,0XC2,0XF6,0XC2,0XF6,0XC2,0XF6,0XC2,0XF6,
    0XC2,0XF6,0XC2,0XF6,0XC2,0XF6,0XC2,0XF6,0XC2,0XF6,0XC2,0XF6,0XC2,0XF6,0XC2,0XF6,
    0XC2,0XF6,0XC2,0XF6,0XC2,0XF6,0XC2,0XF6,0XC2,0XF6,0XC2,0XF6,0XC2,0XF6,0XC2,0XF6,
    0XC2,0XF6,0XC2,0XF6,0XC2,0XF6,0XC2,0XF6,0XC2,0XF6,0XC2,0XF6,0XC2,0XF6,0XC2,0XF6,
    0XC2,0XF6,0XC2,0XF6,0XC2,0XF6,0XC2,0XF6,0XC2,0XF6,0XC2,0XF6,0XC2,0XF6,0XC2,0XF6,
    0XC2,0XF6,0XC2,0XF6,0XC2,0XF6,0XC2,0XF6,0XA1,0X5A,0X66,0XE2,0X46,0XEA,0X88,0XEE,
    0XA9,0XFE,0XA9,0XFE,0X68,0XF6,0XC7,0XFE,0X82,0X7B,0X68,0XD6,0X27,0XF6,0X89,0XFE,
    0X89,0XFE,0X89,0XFE,0X89,0XFE,0X89,0XFE,0X89,0XFE,0X6A,0XFE,0X69,0XFE,0X69,0XFE,
    0X69,0XFE,0X69,0XFE,0X49,0XFE,0X49,0XFE,0X49,0XFE,0X49,0XFE,0XE4,0X8B,0XE4,0X20,
    0X80,0X41,0X49,0XFE,0X29,0XFE,0X49,0XFE,0X29,0XFE,0X2A,0XFE,0X0A,0XF6,0XA2,0XF6,
    0XC2,0XF6,0XC2,0XF6,0XC2,0XF6,0XC2,0XF6,0XC2,0XF6,0XC2,0XF6,0XC2,0XF6,0XC2,0XF6,
    0XC2,0XF6,0XC2,0XF6,0XC2,0XF6,0XC2,0XF6,0XC2,0XF6,0XC2,0XF6,0XC2,0XF6,0XC2,0XF6,
    0XC2,0XF6,0XC2,0XF6,0XC2,0XF6,0XC2,0XF6,0XC2,0XF6,0XC2,0XF6,0XC2,0XF6,0XC2,0XF6,
    0XC2,0XF6,0XC2,0XF6,0XC2,0XF6,0XC2,0XF6,0XC2,0XF6,0XC2,0XF6,0XC2,0XF6,0XC2,0XF6,
    0XC2,0XF6,0XC2,0XF6,0XC2,0XF6,0XC2,0XF6,0XC2,0XF6,0XC2,0XF6,0XC2,0XF6,0XC2,0XF6,
    0XC2,0XF6,0XC2,0XF6,0XC2,0XF6,0XC2,0XF6,0XC2,0XF6,0XC2,0XF6,0XC2,0XF6,0XC2,0XF6,
    0XC2,0XF6,0XC2,0XF6,0XC2,0XF6,0XC2,0XF6,0XC2,0XF6,0XC2,0XF6,0XC2,0XF6,0XC2,0XF6,
    0XC2,0XF6,0XC2,0XF6,0XC2,0XF6,0XC2,0XF6,0XC2,0XF6,0XC2,0XF6,0XC2,0XF6,0XC2,0XF6,
    0X47,0XF2,0X86,0XF2,0X27,0XEA,0X06,0XD6,0XA9,0XFE,0XA9,0XFE,0XA9,0XFE,0X89,0XFE,
    0X89,0XFE,0X89,0XFE,0X89,0XFE,0X89,0XFE,0X89,0XFE,0X89,0XFE,0X89,0XFE,0X89,0XFE,
    0XAD,0XCD,0X00,0X00,0XEA,0XFD,0X69,0XFE,0X69,0XFE,0X69,0XFE,0X49,0XFE,0X49,0XFE,
    0X49,0XFE,0X40,0X10,0XFF,0XFF,0XFF,0XFF,0XA7,0X41,0X25,0X18,0X09,0XF6,0X49,0XFE,
    0X29,0XFE,0X2A,0XFE,0X83,0X6A,0XA2,0XF6,0XC2,0XF6,0XC2,0XF6,0XC2,0XF6,0XC2,0XF6,
    0XC2,0XF6,0XC2,0XF6,0XC2,0XF6,0XC2,0XF6,0XC2,0XF6,0XC2,0XF6,0XC2,0XF6,0XC2,0XF6,
    0XC2,0XF6,0XC2,0XF6,0XC2,0XF6,0XC2,0XF6,0XC2,0XF6,0XC2,0XF6,0XC2,0XF6,0XC2,0XF6,
    0XC2,0XF6,0XC2,0XF6,0XC2,0XF6,0XC2,0XF6,0XC2,0XF6,0XC2,0XF6,0XC2,0XF6,0XC2,0XF6,
    0XC2,0XF6,0XC2,0XF6,0XC2,0XF6,0XC2,0XF6,0XC2,0XF6,0XC2,0XF6,0XC2,0XF6,0XC2,0XF6,
    0XC2,0XF6,0XC2,0XF6,0XC2,0XF6,0XC2,0XF6,0XC2,0XF6,0XC2,0XF6,0XC2,0XF6,0XC2,0XF6,
    0XC2,0XF6,0XC2,0XF6,0XC2,0XF6,0XC2,0XF6,0XC2,0XF6,0XC2,0XF6,0XC2,0XF6,0XC2,0XF6,
    0XC2,0XF6,0XC2,0XF6,0XC2,0XF6,0XC2,0XF6,0XC2,0XF6,0XC2,0XF6,0XC2,0XF6,0XC2,0XF6,
    0XC2,0XF6,0XC2,0XF6,0XC2,0XF6,0X22,0X00,0XA4,0XF2,0X87,0XEA,0X27,0XEA,0X42,0X89,
    0XA9,0XFE,0XA9,0XFE,0XA9,0XFE,0X89,0XFE,0X89,0XFE,0X89,0XFE,0X89,0XFE,0X89,0XFE,
    0X89,0XFE,0X89,0XFE,0X89,0XFE,0X89,0XFE,0X89,0XFE,0X6A,0XFE,0X48,0XFE,0X69,0XFE,
    0X69,0XFE,0X69,0XFE,0X49,0XFE,0X49,0XFE,0XC9,0XF5,0X41,0X41,0X55,0XAD,0XFF,0XFF,
    0X43,0X38,0X63,0X38,0X49,0XFE,0X49,0XFE,0X29,0XFE,0X2A,0XFE,0X02,0X00,0XC2,0XF6,
    0XC2,0XF6,0XC2,0XF6,0XC2,0XF6,0XC2,0XF6,0XC2,0XF6,0XC2,0XF6,0XC2,0XF6,0XC2,0XF6,
    0XC2,0XF6,0XC2,0XF6,0XC2,0XF6,0XC2,0XF6,0XC2,0XF6,0XC2,0XF6,0XC2,0XF6,0XC2,0XF6,
    0XC2,0XF6,0XC2,0XF6,0XC2,0XF6,0XC2,0XF6,0XC2,0XF6,0XC2,0XF6,0XC2,0XF6,0XC2,0XF6,
    0XC2,0XF6,0XC2,0XF6,0XC2,0XF6,0XC2,0XF6,0XC2,0XF6,0XC2,0XF6,0XC2,0XF6,0XC2,0XF6,
    0XC2,0XF6,0XC2,0XF6,0XC2,0XF6,0XC2,0XF6,0XC2,0XF6,0XC2,0XF6,0XC2,0XF6,0XC2,0XF6,
    0XC2,0XF6,0XC2,0XF6,0XC2,0XF6,0XC2,0XF6,0XC2,0XF6,0XC2,0XF6,0XC2,0XF6,0XC2,0XF6,
    0XC2,0XF6,0XC2,0XF6,0XC2,0XF6,0XC2,0XF6,0XC2,0XF6,0XC2,0XF6,0XC2,0XF6,0XC2,0XF6,
    0XC2,0XF6,0XC2,0XF6,0XC2,0XF6,0XC2,0XF6,0XC2,0XF6,0XC2,0XF6,0XC2,0XF6,0X84,0XEB,
    0XE7,0XEA,0X87,0XEA,0X27,0XEA,0XE9,0XD9,0XA9,0XFE,0XA9,0XFE,0XA9,0XFE,0X89,0XFE,
    0X89,0XFE,0X89,0XFE,0X88,0XF6,0XE9,0XFE,0X89,0XFE,0X89,0XFE,0XAA,0XFE,0X47,0XEE,
    0XA6,0X7B,0XA9,0XFE,0X69,0XFE,0X69,0XFE,0X69,0XFE,0X69,0XFE,0X49,0XFE,0X49,0XFE,
    0X48,0XFE,0X22,0X41,0X23,0X49,0X61,0X38,0XA2,0X38,0X63,0X38,0X68,0XFE,0X49,0XFE,
    0X29,0XFE,0X2A,0XFE,0XA0,0X62,0XC2,0XF6,0XC2,0XF6,0XC2,0XF6,0XC2,0XF6,0XC2,0XF6,
    0XC2,0XF6,0XC2,0XF6,0XC2,0XF6,0XC2,0XF6,0XC2,0XF6,0XC2,0XF6,0XC2,0XF6,0XC2,0XF6,
    0XC2,0XF6,0XC2,0XF6,0XC2,0XF6,0XC2,0XF6,0XC2,0XF6,0XC2,0XF6,0XC2,0XF6,0XC2,0XF6,
    0XC2,0XF6,0XC2,0XF6,0XC2,0XF6,0XC2,0XF6,0XC2,0XF6,0XC2,0XF6,0XC2,0XF6,0XC2,0XF6,
    0XC2,0XF6,0XC2,0XF6,0XC2,0XF6,0XC2,0XF6,0XC2,0XF6,0XC2,0XF6,0XC2,0XF6,0XC2,0XF6,
    0XC2,0XF6,0XC2,0XF6,0XC2,0XF6,0XC2,0XF6,0XC2,0XF6,0XC2,0XF6,0XC2,0XF6,0XC2,0XF6,
    0XC2,0XF6,0XC2,0XF6,0XC2,0XF6,0XC2,0XF6,0XC2,0XF6,0XC2,0XF6,0XC2,0XF6,0XC2,0XF6,
    0XC2,0XF6,0XC2,0XF6,0XC2,0XF6,0XC2,0XF6,0XC2,0XF6,0XC2,0XF6,0XC2,0XF6,0XC2,0XF6,
    0XC2,0XF6,0XC2,0XF6,0XC2,0XF6,0X64,0XE3,0XE6,0XEA,0X87,0XEA,0X27,0XEA,0XC6,0XE1,
    0XA9,0XFE,0XA9,0XFE,0XA9,0XFE,0X89,0XFE,0X89,0XFE,0X89,0XFE,0X87,0XF6,0XE0,0X91,
    0XE4,0X91,0X04,0XA2,0X85,0XA1,0X84,0X99,0X84,0XA1,0X42,0XA1,0XC6,0XF6,0X69,0XFE,
    0X69,0XFE,0X69,0XFE,0X49,0XFE,0X49,0XFE,0X49,0XFE,0X02,0X39,0X02,0X41,0XC3,0X40,
    0XA2,0X38,0X63,0X38,0X09,0XF6,0X49,0XFE,0X29,0XFE,0X09,0XFE,0XE1,0XF6,0XC2,0XF6,
    0XC2,0XF6,0XC2,0XF6,0XC2,0XF6,0XC2,0XF6,0XC2,0XF6,0XC2,0XF6,0XC2,0XF6,0XC2,0XF6,
    0XC2,0XF6,0XC2,0XF6,0XC2,0XF6,0XC2,0XF6,0XC2,0XF6,0XC2,0XF6,0XC2,0XF6,0XC2,0XF6,
    0XC2,0XF6,0XC2,0XF6,0XC2,0XF6,0XC2,0XF6,0XC2,0XF6,0XC2,0XF6,0XC2,0XF6,0XC2,0XF6,
    0XC2,0XF6,0XC2,0XF6,0XC2,0XF6,0XC2,0XF6,0XC2,0XF6,0XC2,0XF6,0XC2,0XF6,0XC2,0XF6,
    0XC2,0XF6,0XC2,0XF6,0XC2,0XF6,0XC2,0XF6,0XC2,0XF6,0XC2,0XF6,0XC2,0XF6,0XC2,0XF6,
    0XC2,0XF6,0XC2,0XF6,0XC2,0XF6,0XC2,0XF6,0XC2,0XF6,0XC2,0XF6,0XC2,0XF6,0XC2,0XF6,
    0XC2,0XF6,0XC2,0XF6,0XC2,0XF6,0XC2,0XF6,0XC2,0XF6,0XC2,0XF6,0XC2,0XF6,0XC2,0XF6,
    0XC2,0XF6,0XC2,0XF6,0XC2,0XF6,0XC2,0XF6,0XC2,0XF6,0XC2,0XF6,0XC2,0XF6,0X06,0XEB,
    0XE6,0XEA,0X87,0XEA,0X27,0XEA,0X60,0X79,0XA9,0XFE,0XA9,0XFE,0XA9,0XFE,0X89,0XFE,
    0X89,0XFE,0X89,0XFE,0XC9,0XFE,0X43,0XA2,0X02,0XAA,0XE2,0XA9,0X25,0X9A,0XA5,0XA9,
    0X62,0XA9,0X64,0XA1,0X44,0XA1,0X22,0X21,0X09,0XFE,0X69,0XFE,0X49,0XFE,0X49,0XFE,
    0X49,0XFE,0X29,0XFE,0X02,0X41,0XA2,0X38,0XC3,0X40,0X49,0XF6,0X09,0XF6,0X49,0XFE,
    0X29,0XFE,0X29,0XFE,0XA2,0XF6,0XC2,0XF6,0XC2,0XF6,0XC2,0XF6,0XC2,0XF6,0XC2,0XF6,
    0XC2,0XF6,0XC2,0XF6,0XC2,0XF6,0XC2,0XF6,0XC2,0XF6,0XC2,0XF6,0XC2,0XF6,0XC2,0XF6,
    0XC2,0XF6,0XC2,0XF6,0XC2,0XF6,0XC2,0XF6,0XC2,0XF6,0XC2,0XF6,0XC2,0XF6,0XC2,0XF6,
    0XC2,0XF6,0XC2,0XF6,0XC2,0XF6,0XC2,0XF6,0XC2,0XF6,0XC2,0XF6,0XC2,0XF6,0XC2,0XF6,
    0XC2,0XF6,0XC2,0XF6,0XC2,0XF6,0XC2,0XF6,0XC2,0XF6,0XC2,0XF6,0XC2,0XF6,0XC2,0XF6,
    0XC2,0XF6,0XC2,0XF6,0XC2,0XF6,0XC2,0XF6,0XC2,0XF6,0XC2,0XF6,0XC2,0XF6,0XC2,0XF6,
    0XC2,0XF6,0XC2,0XF6,0XC2,0XF6,0XC2,0XF6,0XC2,0XF6,0XC2,0XF6,0XC2,0XF6,0XC2,0XF6,
    0XC2,0XF6,0XC2,0XF6,0XC2,0XF6,0XC2,0XF6,0XC2,0XF6,0XC2,0XF6,0XC2,0XF6,0XC2,0XF6,
    0XC2,0XF6,0XC2,0XF6,0XC2,0XF6,0X46,0XEB,0XE6,0XEA,0X87,0XEA,0X27,0XEA,0XA8,0XEE,
    0XA9,0XFE,0XA9,0XFE,0XA9,0XFE,0X89,0XFE,0X89,0XFE,0X89,0XFE,0XA9,0XFE,0XE1,0X10,
    0XCB,0XEB,0XED,0XEB,0XCD,0XEB,0X8D,0XF3,0X6D,0XEB,0X90,0XEB,0X46,0XB9,0X45,0XA1,
    0X06,0XA1,0X42,0X52,0X83,0X49,0X49,0XFE,0X49,0XFE,0X49,0XFE,0X6A,0XFE,0X2A,0XFE,
    0X4A,0XF6,0X4A,0XFE,0X29,0XFE,0X49,0XFE,0X29,0XFE,0X03,0X5A,0XE3,0XFE,0XC2,0XF6,
    0XC2,0XF6,0XC2,0XF6,0XC2,0XF6,0XC2,0XF6,0XC2,0XF6,0XC2,0XF6,0XC2,0XF6,0XC2,0XF6,
    0XC2,0XF6,0XC2,0XF6,0XC2,0XF6,0XC2,0XF6,0XC2,0XF6,0XC2,0XF6,0XC2,0XF6,0XC2,0XF6,
    0XC2,0XF6,0XC2,0XF6,0XC2,0XF6,0XC2,0XF6,0XC2,0XF6,0XC2,0XF6,0XC2,0XF6,0XC2,0XF6,
    0XC2,0XF6,0XC2,0XF6,0XC2,0XF6,0XC2,0XF6,0XC2,0XF6,0XC2,0XF6,0XC2,0XF6,0XC2,0XF6,
    0XC2,0XF6,0XC2,0XF6,0XC2,0XF6,0XC2,0XF6,0XC2,0XF6,0XC2,0XF6,0XC2,0XF6,0XC2,0XF6,
    0XC2,0XF6,0XC2,0XF6,0XC2,0XF6,0XC2,0XF6,0XC2,0XF6,0XC2,0XF6,0XC2,0XF6,0XC2,0XF6,
    0XC2,0XF6,0XC2,0XF6,0XC2,0XF6,0XC2,0XF6,0XC2,0XF6,0XC2,0XF6,0XC2,0XF6,0XC2,0XF6,
    0XC2,0XF6,0XC2,0XF6,0XC2,0XF6,0XC2,0XF6,0XC2,0XF6,0XC2,0XF6,0XC2,0XF6,0XA4,0XC2,
    0XE6,0XEA,0X87,0XEA,0XE7,0XE9,0XCA,0XFE,0XA9,0XFE,0XA9,0XFE,0XA9,0XFE,0X89,0XFE,
    0X89,0XFE,0X89,0XFE,0X89,0XFE,0X2C,0XF4,0X0C,0XF4,0XEC,0XEB,0XCC,0XEB,0X8D,0XF3,
    0X6D,0XEB,0X2E,0XF3,0X8D,0XEA,0X46,0XB1,0X04,0XA1,0XC5,0X48,0X49,0XFE,0X49,0XFE,
    0X49,0XFE,0X49,0XFE,0X49,0XFE,0X4A,0XFE,0X4A,0XFE,0X4A,0XFE,0X29,0XFE,0X49,0XFE,
    0X29,0XFE,0X21,0X08,0XC2,0XF6,0XC2,0XF6,0XC2,0XF6,0XC2,0XF6,0XC2,0XF6,0XC2,0XF6,
    0XC2,0XF6,0XC2,0XF6,0XC2,0XF6,0XC2,0XF6,0XC2,0XF6,0XC2,0XF6,0XC2,0XF6,0XC2,0XF6,
    0XC2,0XF6,0XC2,0XF6,0XC2,0XF6,0XC2,0XF6,0XC2,0XF6,0XC2,0XF6,0XC2,0XF6,0XC2,0XF6,
    0XC2,0XF6,0XC2,0XF6,0XC2,0XF6,0XC2,0XF6,0XC2,0XF6,0XC2,0XF6,0XC2,0XF6,0XC2,0XF6,
    0XC2,0XF6,0XC2,0XF6,0XC2,0XF6,0XC2,0XF6,0XC2,0XF6,0XC2,0XF6,0XC2,0XF6,0XC2,0XF6,
    0XC2,0XF6,0XC2,0XF6,0XC2,0XF6,0XC2,0XF6,0XC2,0XF6,0XC2,0XF6,0XC2,0XF6,0XC2,0XF6,
    0XC2,0XF6,0XC2,0XF6,0XC2,0XF6,0XC2,0XF6,0XC2,0XF6,0XC2,0XF6,0XC2,0XF6,0XC2,0XF6,
    0XC2,0XF6,0XC2,0XF6,0XC2,0XF6,0XC2,0XF6,0XC2,0XF6,0XC2,0XF6,0XC2,0XF6,0XC2,0XF6,
    0XC2,0XF6,0XC2,0XF6,0XC2,0XF6,0X00,0X00,0XA5,0XE2,0X82,0X92,0X88,0XFE,0XA9,0XFE,
    0XA9,0XFE,0XA9,0XFE,0XA9,0XFE,0X89,0XFE,0X89,0XFE,0X89,0XFE,0X89,0XFE,0X0B,0XE4,
    0X0C,0XF4,0XEC,0XEB,0XCC,0XEB,0X8D,0XF3,0X6D,0XEB,0X2E,0XF3,0X0E,0XEB,0X10,0XFB,
    0X02,0X91,0X89,0XFE,0X49,0XFE,0X49,0XFE,0X49,0XFE,0X49,0XFE,0X49,0XFE,0X4A,0XFE,
    0X4A,0XFE,0X4A,0XFE,0X29,0XFE,0X49,0XFE,0X2A,0XFE,0X43,0XD6,0XC2,0XF6,0XC2,0XF6,
    0XC2,0XF6,0XC2,0XF6,0XC2,0XF6,0XA2,0XF6,0X83,0XF6,0XE3,0XFE,0XC0,0XFE,0X20,0XFF,
    0X21,0XFF,0XC2,0XF6,0XC2,0XF6,0XC2,0XF6,0XC2,0XF6,0XC2,0XF6,0XC2,0XF6,0XC2,0XF6,
    0XC2,0XF6,0XC2,0XF6,0XC2,0XF6,0XC2,0XF6,0XC2,0XF6,0XC2,0XF6,0XC2,0XF6,0XC2,0XF6,
    0XC2,0XF6,0XC2,0XF6,0XC2,0XF6,0XC2,0XF6,0XC2,0XF6,0XC2,0XF6,0XC2,0XF6,0XC2,0XF6,
    0XC2,0XF6,0XC2,0XF6,0XC2,0XF6,0XC2,0XF6,0XC2,0XF6,0XC2,0XF6,0XC2,0XF6,0XC2,0XF6,
    0XC2,0XF6,0XC2,0XF6,0XC2,0XF6,0XC2,0XF6,0XC2,0XF6,0XC2,0XF6,0XC2,0XF6,0XC2,0XF6,
    0XC2,0XF6,0XC2,0XF6,0XC2,0XF6,0XC2,0XF6,0XC2,0XF6,0XC2,0XF6,0XC2,0XF6,0XC2,0XF6,
    0XC2,0XF6,0XC2,0XF6,0XC2,0XF6,0XC2,0XF6,0XC2,0XF6,0XC2,0XF6,0XC2,0XF6,0X83,0XEE,
    0XEB,0XFE,0XA8,0XFE,0XA9,0XFE,0XA9,0XFE,0XA9,0XFE,0XA9,0XFE,0XA9,0XFE,0X89,0XFE,
    0X89,0XFE,0X89,0XFE,0X8A,0XFE,0XE8,0XB2,0X0C,0XF4,0XEC,0XEB,0XCC,0XEB,0X8D,0XF3,
    0X6D,0XEB,0X2E,0XF3,0X0E,0XEB,0XCF,0XF2,0XA2,0X58,0X69,0XFE,0X49,0XFE,0X49,0XFE,
    0X49,0XFE,0X49,0XFE,0X49,0XFE,0X4A,0XFE,0X4A,0XFE,0X4A,0XFE,0X4B,0XFE,0X69,0XEE,
    0X28,0XFE,0XA3,0XF6,0XC2,0XF6,0XC1,0XEE,0XA0,0XEE,0XE0,0X62,0X43,0X18,0XE1,0X38,
    0X6B,0XDD,0X6D,0XFE,0X09,0XFE,0XC7,0X9B,0XA3,0XEE,0XC2,0XF6,0XC2,0XF6,0XC2,0XF6,
    0XC2,0XF6,0XC2,0XF6,0XC2,0XF6,0XC2,0XF6,0XC2,0XF6,0XC2,0XF6,0XC2,0XF6,0XC2,0XF6,
    0XC2,0XF6,0XC2,0XF6,0XC2,0XF6,0XC2,0XF6,0XC2,0XF6,0XC2,0XF6,0XC2,0XF6,0XC2,0XF6,
    0XC2,0XF6,0XC2,0XF6,0XC2,0XF6,0XC2,0XF6,0XC2,0XF6,0XC2,0XF6,0XC2,0XF6,0XC2,0XF6,
    0XC2,0XF6,0XC2,0XF6,0XC2,0XF6,0XC2,0XF6,0XC2,0XF6,0XC2,0XF6,0XC2,0XF6,0XC2,0XF6,
    0XC2,0XF6,0XC2,0XF6,0XC2,0XF6,0XC2,0XF6,0XC2,0XF6,0XC2,0XF6,0XC2,0XF6,0XC2,0XF6,
    0XC2,0XF6,0XC2,0XF6,0XC2,0XF6,0XC2,0XF6,0XC2,0XF6,0XC2,0XF6,0XC2,0XF6,0XC2,0XF6,
    0XC2,0XF6,0XC2,0XF6,0XC2,0XF6,0XC2,0XF6,0XC5,0XB4,0X67,0XF6,0XA9,0XFE,0XA9,0XFE,
    0XA9,0XFE,0XA9,0XFE,0XA9,0XFE,0X89,0XFE,0X89,0XFE,0X89,0XFE,0X69,0XF6,0X41,0X41,
    0X0C,0XF4,0XEC,0XEB,0XCC,0XEB,0X8D,0XF3,0X6D,0XEB,0X2E,0XF3,0X0E,0XEB,0X6D,0XEA,
    0X28,0XFE,0X69,0XFE,0X49,0XFE,0X49,0XFE,0X49,0XFE,0X49,0XFE,0X49,0XFE,0X4A,0XFE,
    0X4A,0XFE,0XC4,0XAB,0X26,0XE2,0X07,0XEA,0XE7,0XE9,0X04,0XFF,0X84,0XE6,0X60,0X08,
    0X4A,0XFE,0X0A,0XFE,0X0A,0XFE,0X0A,0XFE,0X0A,0XFE,0X0A,0XFE,0X08,0XF6,0X20,0X08,
    0X24,0XFF,0XC3,0XF6,0XC2,0XF6,0XC2,0XF6,0XC2,0XF6,0XC2,0XF6,0XC2,0XF6,0XC2,0XF6,
    0XC2,0XF6,0XC2,0XF6,0XC2,0XF6,0XC2,0XF6,0XC2,0XF6,0XC2,0XF6,0XC2,0XF6,0XC2,0XF6,
    0XC2,0XF6,0XC2,0XF6,0XC2,0XF6,0XC2,0XF6,0XC2,0XF6,0XC2,0XF6,0XC2,0XF6,0XC2,0XF6,
    0XC2,0XF6,0XC2,0XF6,0XC2,0XF6,0XC2,0XF6,0XC2,0XF6,0XC2,0XF6,0XC2,0XF6,0XC2,0XF6,
    0XC2,0XF6,0XC2,0XF6,0XC2,0XF6,0XC2,0XF6,0XC2,0XF6,0XC2,0XF6,0XC2,0XF6,0XC2,0XF6,
    0XC2,0XF6,0XC2,0XF6,0XC2,0XF6,0XC2,0XF6,0XC2,0XF6,0XC2,0XF6,0XC2,0XF6,0XC2,0XF6,
    0XC2,0XF6,0XC2,0XF6,0XC2,0XF6,0XC2,0XF6,0XC2,0XF6,0XC2,0XF6,0XC2,0XF6,0XC2,0XF6,
    0X20,0X52,0XC6,0XF6,0XA9,0XFE,0XA9,0XFE,0XA9,0XFE,0XA9,0XFE,0XA9,0XFE,0X89,0XFE,
    0X89,0XFE,0X89,0XFE,0X89,0XFE,0X84,0X7B,0X0C,0XF4,0XEC,0XEB,0XCC,0XEB,0X8D,0XF3,
    0X6D,0XEB,0X2E,0XF3,0X4F,0XF3,0X6A,0XF6,0X69,0XFE,0X69,0XFE,0X49,0XFE,0X49,0XFE,
    0X49,0XFE,0X49,0XFE,0X49,0XFE,0X28,0XF6,0XA4,0X92,0XA6,0XEA,0X67,0XEA,0X27,0XEA,
    0XE6,0XE9,0X06,0X6B,0X2A,0XFE,0X0A,0XFE,0X0A,0XFE,0X0A,0XFE,0X0A,0XFE,0X0A,0XFE,
    0X0A,0XFE,0X0A,0XFE,0X0A,0XF6,0X2A,0X9C,0XE8,0XC4,0X85,0XFF,0XC2,0XF6,0XC2,0XF6,
    0XC2,0XF6,0XC2,0XF6,0XC2,0XF6,0XC2,0XF6,0XC2,0XF6,0XC2,0XF6,0XC2,0XF6,0XC2,0XF6,
    0XC2,0XF6,0XC2,0XF6,0XC2,0XF6,0XC2,0XF6,0XC2,0XF6,0XC2,0XF6,0XC2,0XF6,0XC2,0XF6,
    0XC2,0XF6,0XC2,0XF6,0XC2,0XF6,0XC2,0XF6,0XC2,0XF6,0XC2,0XF6,0XC2,0XF6,0XC2,0XF6,
    0XC2,0XF6,0XC2,0XF6,0XC2,0XF6,0XC2,0XF6,0XC2,0XF6,0XC2,0XF6,0XC2,0XF6,0XC2,0XF6,
    0XC2,0XF6,0XC2,0XF6,0XC2,0XF6,0XC2,0XF6,0XC2,0XF6,0XC2,0XF6,0XC2,0XF6,0XC2,0XF6,
    0XC2,0XF6,0XC2,0XF6,0XC2,0XF6,0XC2,0XF6,0XC2,0XF6,0XC2,0XF6,0XC2,0XF6,0XC2,0XF6,
    0XC2,0XF6,0XC2,0XF6,0XC2,0XF6,0XC2,0XF6,0XC3,0XF6,0X67,0XEE,0XA9,0XFE,0XA9,0XFE,
    0XA9,0XFE,0XA9,0XFE,0XA9,0XFE,0X89,0XFE,0X89,0XFE,0X89,0XFE,0X89,0XFE,0X67,0XFE,
    0X0C,0XF4,0XEC,0XEB,0XCC,0XEB,0X8D,0XF3,0X6D,0XEB,0X2E,0XFB,0XC3,0X49,0X69,0XFE,
    0X69,0XFE,0X69,0XFE,0X49,0XFE,0X49,0XFE,0X49,0XFE,0X49,0XFE,0X28,0XFE,0X6A,0XEE,
    0XA8,0XFA,0XA6,0XEA,0X67,0XEA,0X27,0XEA,0X2A,0XCA,0X2A,0XFE,0X2A,0XFE,0X0A,0XFE,
    0X0A,0XFE,0X0A,0XFE,0X0A,0XFE,0X0A,0XFE,0X0A,0XFE,0X0A,0XFE,0X0A,0XFE,0X0A,0XFE,
    0XC9,0X6A,0XC2,0X93,0XC2,0XF6,0XC2,0XF6,0XC2,0XF6,0XC2,0XF6,0XC2,0XF6,0XC2,0XF6,
    0XC2,0XF6,0XC2,0XF6,0XC2,0XF6,0XC2,0XF6,0XC2,0XF6,0XC2,0XF6,0XC2,0XF6,0XC2,0XF6,
    0XC2,0XF6,0XC2,0XF6,0XC2,0XF6,0XC2,0XF6,0XC2,0XF6,0XC2,0XF6,0XC2,0XF6,0XC2,0XF6,
    0XC2,0XF6,0XC2,0XF6,0XC2,0XF6,0XC2,0XF6,0XC2,0XF6,0XC2,0XF6,0XC2,0XF6,0XC2,0XF6,
    0XC2,0XF6,0XC2,0XF6,0XC2,0XF6,0XC2,0XF6,0XC2,0XF6,0XC2,0XF6,0XC2,0XF6,0XC2,0XF6,
    0XC2,0XF6,0XC2,0XF6,0XC2,0XF6,0XC2,0XF6,0XC2,0XF6,0XC2,0XF6,0XC2,0XF6,0XC2,0XF6,
    0XC2,0XF6,0XC2,0XF6,0XC2,0XF6,0XC3,0XEE,0XE2,0XEE,0XA0,0XFE,0XE2,0XF6,0XE3,0XFE,
    0XE3,0XFE,0X00,0X08,0X69,0XF6,0XAA,0XFE,0X87,0XFE,0XA9,0XFE,0XA9,0XFE,0X89,0XFE,
    0X89,0XFE,0X89,0XFE,0X89,0XFE,0X2C,0XF6,0X0C,0XF4,0XEC,0XEB,0XCC,0XEB,0X8D,0XF3,
    0X6E,0XEB,0X08,0X9A,0X69,0XFE,0X69,0XFE,0X69,0XFE,0X69,0XFE,0X49,0XFE,0X49,0XFE,
    0X49,0XFE,0X49,0XFE,0X6A,0XFE,0X26,0XEB,0X06,0XEB,0XA6,0XEA,0X67,0XEA,0X27,0XEA,
    0X44,0X8B,0X2A,0XFE,0X2A,0XFE,0X0A,0XFE,0X0A,0XFE,0X0A,0XFE,0X0A,0XFE,0X0A,0XFE,
    0X0A,0XFE,0X0A,0XFE,0X0A,0XFE,0X0A,0XFE,0XEC,0XF5,0XA2,0XF6,0XC2,0XF6,0XC2,0XF6,
    0XC2,0XF6,0XC2,0XF6,0XC2,0XF6,0XC2,0XF6,0XC2,0XF6,0XC2,0XF6,0XC2,0XF6,0XC2,0XF6,
    0XC2,0XF6,0XC2,0XF6,0XC2,0XF6,0XC2,0XF6,0XC2,0XF6,0XC2,0XF6,0XC2,0XF6,0XC2,0XF6,
    0XC2,0XF6,0XC2,0XF6,0XC2,0XF6,0XC2,0XF6,0XC2,0XF6,0XC2,0XF6,0XC2,0XF6,0XC2,0XF6,
    0XC2,0XF6,0XC2,0XF6,0XC2,0XF6,0XC2,0XF6,0XC2,0XF6,0XC2,0XF6,0XC2,0XF6,0XC2,0XF6,
    0XC2,0XF6,0XC2,0XF6,0XC2,0XF6,0XC2,0XF6,0XC2,0XF6,0XC2,0XF6,0XC2,0XF6,0XC2,0XF6,
    0XC2,0XF6,0XC2,0XF6,0XC2,0XF6,0XC2,0XF6,0XC2,0XF6,0XC2,0XF6,0XE1,0XF6,0X00,0X31,
    0XA4,0X62,0XC8,0XFE,0X88,0XFE,0X89,0XFE,0X69,0XFE,0X8A,0XFE,0X07,0XFE,0X09,0XDE,
    0XA0,0X49,0XA9,0XFE,0XA9,0XFE,0X89,0XFE,0X89,0XFE,0X89,0XFE,0X89,0XFE,0X8A,0XFE,
    0X0C,0XF4,0XEC,0XEB,0XCC,0XEB,0X8D,0XF3,0XEB,0XCA,0XEC,0XF5,0X69,0XFE,0X69,0XFE,
    0X69,0XFE,0X69,0XFE,0X49,0XFE,0X49,0XFE,0X49,0XFE,0X49,0XFE,0X4B,0XF6,0X26,0XEB,
    0X06,0XEB,0XA6,0XEA,0X67,0XEA,0X27,0XEA,0X0E,0XFE,0X2A,0XFE,0X2A,0XFE,0X0A,0XFE,
    0X0A,0XFE,0X0A,0XFE,0X0A,0XFE,0X0A,0XFE,0X0A,0XFE,0X0A,0XFE,0X0A,0XFE,0X0A,0XFE,
    0XE0,0XFE,0X01,0XF7,0XC2,0XF6,0XC2,0XF6,0XC2,0XF6,0XC2,0XF6,0XC2,0XF6,0XC2,0XF6,
    0XC2,0XF6,0XC2,0XF6,0XC2,0XF6,0XC2,0XF6,0XC2,0XF6,0XC2,0XF6,0XC2,0XF6,0XC2,0XF6,
    0XC2,0XF6,0XC2,0XF6,0XC2,0XF6,0XC2,0XF6,0XC2,0XF6,0XC2,0XF6,0XC2,0XF6,0XC2,0XF6,
    0XC2,0XF6,0XC2,0XF6,0XC2,0XF6,0XC2,0XF6,0XC2,0XF6,0XC2,0XF6,0XC2,0XF6,0XC2,0XF6,
    0XC2,0XF6,0XC2,0XF6,0XC2,0XF6,0XC2,0XF6,0XC2,0XF6,0XC2,0XF6,0XC2,0XF6,0XC2,0XF6,
    0XC2,0XF6,0XC2,0XF6,0XC2,0XF6,0XC2,0XF6,0XC2,0XF6,0XC2,0XF6,0XC2,0XF6,0XC2,0XF6,
    0XC2,0XF6,0X22,0XB5,0XA9,0XFE,0XC8,0XFE,0XA8,0XFE,0XA9,0XFE,0XA9,0XFE,0X89,0XFE,
    0X69,0XFE,0X89,0XFE,0X6A,0XFE,0X69,0XFE,0X8A,0XFE,0X86,0XF6,0X4B,0XFE,0XA1,0X72,
    0X89,0XFE,0X89,0XFE,0X89,0XFE,0XC9,0XFE,0XCD,0XDE,0X8B,0XE3,0XCD,0XF3,0XA6,0X71,
    0XC8,0XF6,0X6A,0XFE,0X69,0XFE,0X69,0XFE,0X69,0XFE,0X69,0XFE,0X49,0XFE,0X49,0XFE,
    0X49,0XFE,0X49,0XFE,0X29,0XFE,0X26,0XEB,0X06,0XEB,0XA6,0XEA,0X67,0XEA,0X8D,0XFE,
    0X49,0XFE,0X2A,0XFE,0X2A,0XFE,0X0A,0XFE,0X0A,0XFE,0X0A,0XFE,0X0A,0XFE,0X0A,0XFE,
    0X0A,0XFE,0X0A,0XFE,0X2A,0XFE,0X04,0X62,0X45,0XF6,0XC2,0XF6,0XC2,0XF6,0XC2,0XF6,
    0XC2,0XF6,0XC2,0XF6,0XC2,0XF6,0XC2,0XF6,0XC2,0XF6,0XC2,0XF6,0XC2,0XF6,0XC2,0XF6,
    0XC2,0XF6,0XC2,0XF6,0XC2,0XF6,0XC2,0XF6,0XC2,0XF6,0XC2,0XF6,0XC2,0XF6,0XC2,0XF6,
    0XC2,0XF6,0XC2,0XF6,0XC2,0XF6,0XC2,0XF6,0XC2,0XF6,0XC2,0XF6,0XC2,0XF6,0XC2,0XF6,
    0XC2,0XF6,0XC2,0XF6,0XC2,0XF6,0XC2,0XF6,0XC2,0XF6,0XC2,0XF6,0XC2,0XF6,0XC2,0XF6,
    0XC2,0XF6,0XC2,0XF6,0XC2,0XF6,0XC2,0XF6,0XC2,0XF6,0XC2,0XF6,0XC2,0XF6,0XC2,0XF6,
    0XC2,0XF6,0XC2,0XF6,0XC2,0XF6,0XC2,0XF6,0X66,0XDE,0X27,0XFF,0XA8,0XFE,0XA8,0XFE,
    0XA8,0XFE,0XA9,0XFE,0XA9,0XFE,0X89,0XFE,0X69,0XFE,0X89,0XFE,0X6A,0XFE,0X69,0XFE,
    0X49,0XFE,0X49,0XFE,0X4A,0XFE,0X29,0XFE,0XE8,0XFE,0X88,0XFE,0X89,0XFE,0X89,0XFE,
    0X69,0XF6,0XE6,0XED,0X45,0XF6,0X49,0XF6,0X89,0XFE,0X6A,0XFE,0X69,0XFE,0X69,0XFE,
    0X69,0XFE,0X69,0XFE,0X49,0XFE,0X49,0XFE,0X49,0XFE,0X49,0XFE,0X4A,0XF6,0X26,0XEB,
    0X06,0XEB,0XA6,0XEA,0XE0,0X48,0XCC,0XFE,0X29,0XFE,0X2A,0XFE,0X2A,0XFE,0X0A,0XFE,
    0X0A,0XFE,0X0A,0XFE,0X0A,0XFE,0X0A,0XFE,0X0A,0XFE,0X4C,0XF6,0XE7,0X8A,0X80,0X9C,
    0XC4,0XE6,0X42,0XF7,0XA2,0XF6,0XC2,0XF6,0XC2,0XF6,0XC2,0XF6,0XC2,0XF6,0XC2,0XF6,
    0XC2,0XF6,0XC2,0XF6,0XC2,0XF6,0XC2,0XF6,0XC2,0XF6,0XC2,0XF6,0XC2,0XF6,0XC2,0XF6,
    0XC2,0XF6,0XC2,0XF6,0XC2,0XF6,0XC2,0XF6,0XC2,0XF6,0XC2,0XF6,0XC2,0XF6,0XC2,0XF6,
    0XC2,0XF6,0XC2,0XF6,0XC2,0XF6,0XC2,0XF6,0XC2,0XF6,0XC2,0XF6,0XC2,0XF6,0XC2,0XF6,
    0XC2,0XF6,0XC2,0XF6,0XC2,0XF6,0XC2,0XF6,0XC2,0XF6,0XC2,0XF6,0XC2,0XF6,0XC2,0XF6,
    0XC2,0XF6,0XC2,0XF6,0XC2,0XF6,0XC2,0XF6,0XC2,0XF6,0XC2,0XF6,0XC2,0XF6,0XC3,0XF6,
    0X86,0X8B,0XA8,0XFE,0XA8,0XFE,0XA8,0XFE,0XA8,0XFE,0XA9,0XFE,0XA9,0XFE,0X89,0XFE,
    0X69,0XFE,0X89,0XFE,0X6A,0XFE,0X69,0XFE,0X49,0XFE,0X49,0XFE,0X4A,0XFE,0X29,0XFE,
    0X09,0XFE,0X4A,0XFE,0X69,0XEE,0X89,0XFE,0X89,0XFE,0X89,0XFE,0X89,0XFE,0X89,0XFE,
    0X89,0XFE,0X6A,0XFE,0X69,0XFE,0X69,0XFE,0X69,0XFE,0X69,0XFE,0X49,0XFE,0X49,0XFE,
    0X49,0XFE,0X49,0XFE,0X6A,0XFE,0X06,0XFE,0X83,0XEA,0X28,0XC5,0X4A,0XF6,0X2A,0XFE,
    0X29,0XFE,0X2A,0XFE,0X2A,0XFE,0X0A,0XFE,0X0A,0XFE,0X0A,0XFE,0X0A,0XFE,0X0A,0XFE,
    0X4D,0XFE,0X89,0XF6,0X88,0XF6,0XE9,0XFE,0XA9,0XFE,0X28,0XF6,0XC8,0XFE,0X8B,0XFE,
    0X09,0XEE,0X63,0X5A,0X00,0X00,0X80,0X18,0XE5,0XB4,0XE2,0XFE,0XC2,0XF6,0XC2,0XF6,
    0XC2,0XF6,0XC2,0XF6,0XC2,0XF6,0XC2,0XF6,0XC2,0XF6,0XC2,0XF6,0XC2,0XF6,0XC2,0XF6,
    0XC2,0XF6,0XC2,0XF6,0XC2,0XF6,0XC2,0XF6,0XC2,0XF6,0XC2,0XF6,0XC2,0XF6,0XC2,0XF6,
    0XC2,0XF6,0XC2,0XF6,0XC2,0XF6,0XC2,0XF6,0XC2,0XF6,0XC2,0XF6,0XC2,0XF6,0XC2,0XF6,
    0XC2,0XF6,0XC2,0XF6,0XC2,0XF6,0XC2,0XF6,0XC2,0XF6,0XC2,0XF6,0XC2,0XF6,0XC2,0XF6,
    0XC2,0XF6,0XC2,0XF6,0XC2,0XF6,0XE1,0XF6,0XE7,0XFE,0XA8,0XFE,0XA8,0XFE,0XA8,0XFE,
    0XA8,0XFE,0XA9,0XFE,0XA9,0XFE,0X89,0XFE,0X69,0XFE,0X89,0XFE,0X6A,0XFE,0X69,0XFE,
    0X49,0XFE,0X49,0XFE,0X4A,0XFE,0X29,0XFE,0X2A,0XFE,0X0A,0XFE,0XE9,0XFD,0X28,0XFE,
    0X89,0XFE,0X89,0XFE,0X89,0XFE,0X89,0XFE,0X89,0XFE,0X6A,0XFE,0X69,0XFE,0X69,0XFE,
    0X69,0XFE,0X69,0XFE,0X49,0XFE,0X49,0XFE,0X49,0XFE,0X49,0XFE,0XE7,0XF5,0X80,0X62,
    0XA7,0XFD,0X89,0XFE,0X29,0XFE,0X49,0XFE,0X29,0XFE,0X2A,0XFE,0X2A,0XFE,0X0A,0XFE,
    0X0A,0XFE,0X0A,0XFE,0X0A,0XFE,0X0A,0XFE,0XAA,0XEE,0XA9,0XFE,0XA9,0XFE,0XA9,0XFE,
    0X89,0XFE,0X89,0XFE,0X89,0XFE,0X89,0XFE,0X89,0XFE,0X89,0XFE,0X89,0XFE,0X69,0XFE,
    0X68,0XF6,0X4A,0XFE,0X28,0XFE,0XA7,0XD5,0X43,0X08,0X02,0X21,0XC0,0XEE,0XC6,0XFE,
    0XC2,0XF6,0XC2,0XF6,0XC2,0XF6,0XC2,0XF6,0XC2,0XF6,0XC2,0XF6,0XC2,0XF6,0XC2,0XF6,
    0XC2,0XF6,0XC2,0XF6,0XC2,0XF6,0XC2,0XF6,0XC2,0XF6,0XC2,0XF6,0XC2,0XF6,0XC2,0XF6,
    0XC2,0XF6,0XC2,0XF6,0XC2,0XF6,0XC2,0XF6,0XC2,0XF6,0XC2,0XF6,0XC2,0XF6,0XC2,0XF6,
    0XC2,0XF6,0XC2,0XF6,0XC2,0XF6,0XC2,0XF6,0XC2,0XF6,0XC2,0XF6,0XC2,0XF6,0X81,0X62,
    0XA8,0XFE,0XA8,0XFE,0XA8,0XFE,0XA8,0XFE,0XA8,0XFE,0XA9,0XFE,0XA9,0XFE,0X89,0XFE,
    0X69,0XFE,0X89,0XFE,0X6A,0XFE,0X69,0XFE,0X49,0XFE,0X49,0XFE,0X4A,0XFE,0X29,0XFE,
    0X2A,0XFE,0X0A,0XFE,0X0A,0XFE,0XAA,0XFD,0X8A,0XFE,0X8A,0XFE,0X89,0XFE,0X89,0XFE,
    0X89,0XFE,0X6A,0XFE,0X69,0XFE,0X69,0XFE,0X69,0XFE,0X69,0XFE,0X49,0XFE,0X49,0XFE,
    0X4A,0XFE,0XAB,0XF6,0XC8,0XF6,0X4A,0XFE,0X4A,0XFE,0X4A,0XFE,0X29,0XFE,0X49,0XFE,
    0X29,0XFE,0X2A,0XFE,0X2A,0XFE,0X0A,0XFE,0X0A,0XFE,0X0A,0XFE,0X2A,0XFE,0X46,0X8B,
    0XA8,0XFE,0XA9,0XFE,0XA9,0XFE,0XA9,0XFE,0X89,0XFE,0X89,0XFE,0X89,0XFE,0X89,0XFE,
    0X89,0XFE,0X89,0XFE,0X89,0XFE,0X69,0XFE,0X69,0XFE,0X69,0XFE,0X49,0XFE,0X49,0XFE,
    0X49,0XFE,0X4A,0XFE,0XC8,0XED,0X2A,0XEE,0X00,0X00,0XC0,0X83,0XA2,0XF6,0XA2,0XF6,
    0XC2,0XF6,0XC2,0XF6,0XC2,0XF6,0XC2,0XF6,0XC2,0XF6,0XC2,0XF6,0XC2,0XF6,0XC2,0XF6,
    0XC2,0XF6,0XC2,0XF6,0XC2,0XF6,0XC2,0XF6,0XC2,0XF6,0XC2,0XF6,0XC2,0XF6,0XC2,0XF6,
    0XC2,0XF6,0XC2,0XF6,0XC2,0XF6,0XC2,0XF6,0XC2,0XF6,0XC2,0XF6,0XC2,0XF6,0XC2,0XF6,
    0XC2,0XF6,0XC2,0XF6,0XC2,0XF6,0X00,0X08,0XC8,0XFE,0XA8,0XFE,0XA8,0XFE,0XA8,0XFE,
    0XA8,0XFE,0XA9,0XFE,0XA9,0XFE,0X89,0XFE,0X69,0XFE,0X89,0XFE,0X6A,0XFE,0X69,0XFE,
    0X49,0XFE,0X49,0XFE,0X4A,0XFE,0X29,0XFE,0X2A,0XFE,0X0A,0XFE,0X0A,0XFE,0XA9,0XFD,
    0XAD,0XFE,0X8B,0XF5,0X89,0XED,0XA8,0XED,0X6A,0XFE,0X6A,0XFE,0X69,0XFE,0X69,0XFE,
    0X69,0XFE,0X69,0XFE,0X4A,0XFE,0XC0,0X30,0X87,0XF6,0X49,0XFE,0X49,0XFE,0X4A,0XFE,
    0X4A,0XFE,0X4A,0XFE,0X29,0XFE,0X49,0XFE,0X29,0XFE,0X2A,0XFE,0X2A,0XFE,0X0A,0XFE,
    0X0A,0XFE,0X0A,0XFE,0XCB,0XB4,0XA8,0XFE,0XA8,0XFE,0XA9,0XFE,0XA9,0XFE,0XA9,0XFE,
    0X89,0XFE,0X89,0XFE,0X89,0XFE,0X89,0XFE,0X89,0XFE,0X89,0XFE,0X89,0XFE,0X69,0XFE,
    0X69,0XFE,0X69,0XFE,0X49,0XFE,0X49,0XFE,0X49,0XFE,0X49,0XFE,0X49,0XFE,0X4A,0XFE,
    0X29,0XFE,0X4A,0XFE,0X48,0XFE,0X66,0XB4,0X20,0X10,0XA0,0XEE,0XC3,0XF6,0XC2,0XF6,
    0XC2,0XF6,0XC2,0XF6,0XC2,0XF6,0XC2,0XF6,0XC2,0XF6,0XC2,0XF6,0XC2,0XF6,0XC2,0XF6,
    0XC2,0XF6,0XC2,0XF6,0XC2,0XF6,0XC2,0XF6,0XC2,0XF6,0XC2,0XF6,0XC2,0XF6,0XC2,0XF6,
    0XC2,0XF6,0XC2,0XF6,0XC2,0XF6,0XC2,0XF6,0XC2,0XF6,0XC2,0XF6,0XC2,0XF6,0X04,0XD6,
    0XC8,0XFE,0XA8,0XFE,0XA8,0XFE,0XA8,0XFE,0XA8,0XFE,0XA9,0XFE,0XA9,0XFE,0X89,0XFE,
    0X69,0XFE,0X89,0XFE,0X6A,0XFE,0X69,0XFE,0X49,0XFE,0X49,0XFE,0X4A,0XFE,0X29,0XFE,
    0X2A,0XFE,0X0A,0XFE,0X0A,0XFE,0XCB,0XFD,0X69,0XFE,0XC7,0XE5,0X68,0XED,0X88,0XED,
    0XC9,0XF5,0X69,0XFE,0X69,0XFE,0X69,0XFE,0X69,0XFE,0X69,0XFE,0X49,0XFE,0X49,0XFE,
    0X49,0XFE,0X49,0XFE,0X49,0XFE,0X4A,0XFE,0X4A,0XFE,0X4A,0XFE,0X29,0XFE,0X49,0XFE,
    0X29,0XFE,0X2A,0XFE,0X2A,0XFE,0X0A,0XFE,0X0A,0XFE,0X28,0XFE,0X60,0X10,0XA8,0XFE,
    0XA8,0XFE,0XA9,0XFE,0XA9,0XFE,0XA9,0XFE,0X89,0XFE,0X89,0XFE,0X89,0XFE,0X89,0XFE,
    0X89,0XFE,0X89,0XFE,0X89,0XFE,0X69,0XFE,0X69,0XFE,0X69,0XFE,0X49,0XFE,0X49,0XFE,
    0X49,0XFE,0X49,0XFE,0X49,0XFE,0X4A,0XFE,0X29,0XFE,0X49,0XFE,0X29,0XFE,0X2A,0XFE,
    0X2A,0XFE,0X6A,0XFE,0X01,0X10,0X82,0XBD,0XA1,0XF6,0XC2,0XF6,0XC2,0XF6,0XC2,0XF6,
    0XC2,0XF6,0XC2,0XF6,0XC2,0XF6,0XC2,0XF6,0XC2,0XF6,0XC2,0XF6,0XC2,0XF6,0XC2,0XF6,
    0XC2,0XF6,0XC2,0XF6,0XC2,0XF6,0XC2,0XF6,0XC2,0XF6,0XC2,0XF6,0XC2,0XF6,0XC2,0XF6,
    0XC2,0XF6,0XC2,0XF6,0XC2,0XF6,0XC3,0XF6,0XC6,0XF6,0XA8,0XFE,0XA8,0XFE,0XA8,0XFE,
    0XA8,0XFE,0XA9,0XFE,0XA9,0XFE,0X89,0XFE,0X69,0XFE,0X89,0XFE,0X6A,0XFE,0X69,0XFE,
    0X49,0XFE,0X49,0XFE,0X4A,0XFE,0X29,0XFE,0X2A,0XFE,0X0A,0XFE,0X0A,0XFE,0X00,0X39,
    0X89,0XFE,0X48,0XF6,0X4A,0XFE,0X69,0XFE,0X89,0XFE,0X6A,0XFE,0X69,0XFE,0X69,0XFE,
    0X69,0XFE,0X69,0XFE,0X49,0XFE,0X49,0XFE,0X49,0XFE,0X49,0XFE,0X49,0XFE,0X4A,0XFE,
    0X4A,0XFE,0X4A,0XFE,0X29,0XFE,0X49,0XFE,0X29,0XFE,0X2A,0XFE,0X2A,0XFE,0X2A,0XFE,
    0XCB,0XFD,0XC0,0X7B,0X0A,0XE6,0XA8,0XFE,0XA8,0XFE,0XA9,0XFE,0XA9,0XFE,0XA9,0XFE,
    0X89,0XFE,0X89,0XFE,0X89,0XFE,0X89,0XFE,0X89,0XFE,0X89,0XFE,0X89,0XFE,0X69,0XFE,
    0X69,0XFE,0X69,0XFE,0X49,0XFE,0X49,0XFE,0X49,0XFE,0X49,0XFE,0X49,0XFE,0X4A,0XFE,
    0X29,0XFE,0X49,0XFE,0X29,0XFE,0X2A,0XFE,0X0A,0XFE,0X0A,0XFE,0X0A,0XFE,0XC9,0XF5,
    0XA5,0X72,0X80,0X5A,0XC7,0XFE,0XC2,0XF6,0XC2,0XF6,0XC2,0XF6,0XC2,0XF6,0XC2,0XF6,
    0XC2,0XF6,0XC2,0XF6,0XC2,0XF6,0XC2,0XF6,0XC2,0XF6,0XC2,0XF6,0XC2,0XF6,0XC2,0XF6,
    0XC2,0XF6,0XC2,0XF6,0XC2,0XF6,0XC2,0XF6,0XC2,0XF6,0XC2,0XF6,0XC2,0XF6,0XC2,0XF6,
    0X02,0X00,0X27,0XF6,0X07,0XF6,0X28,0XF6,0X89,0XFE,0XA9,0XFE,0XA9,0XFE,0X88,0XFE,
    0X68,0XFE,0X89,0XFE,0X6A,0XFE,0X69,0XFE,0X49,0XFE,0X49,0XFE,0X4A,0XFE,0X29,0XFE,
    0X2A,0XFE,0X0A,0XFE,0X09,0XF6,0X2A,0XF6,0X89,0XFE,0X89,0XFE,0X89,0XFE,0X89,0XFE,
    0X89,0XFE,0X6A,0XFE,0X69,0XFE,0X69,0XFE,0X69,0XFE,0X69,0XFE,0X49,0XFE,0X49,0XFE,
    0X49,0XFE,0X49,0XFE,0X49,0XFE,0X4A,0XFE,0X4A,0XFE,0X4A,0XFE,0X29,0XFE,0X49,0XFE,
    0X29,0XFE,0X2A,0XFE,0X2A,0XFE,0XAB,0XFD,0XC3,0XCD,0XC3,0XF6,0XA7,0XF6,0XA8,0XFE,
    0XA8,0XFE,0XA9,0XFE,0XA9,0XFE,0XA9,0XFE,0X89,0XFE,0X89,0XFE,0X89,0XFE,0X89,0XFE,
    0X89,0XFE,0X89,0XFE,0X89,0XFE,0X69,0XFE,0X69,0XFE,0X69,0XFE,0X49,0XFE,0X49,0XFE,
    0X49,0XFE,0X49,0XFE,0X49,0XFE,0X4A,0XFE,0X29,0XFE,0X49,0XFE,0X29,0XFE,0X2A,0XFE,
    0X0A,0XFE,0X0A,0XFE,0X0A,0XFE,0X0A,0XFE,0X0A,0XFE,0X2B,0XFE,0X07,0XEE,0XA0,0X28,
    0XA1,0XFE,0XC2,0XF6,0XC2,0XF6,0XC2,0XF6,0XC2,0XF6,0XC2,0XF6,0XC2,0XF6,0XC2,0XF6,
    0XC2,0XF6,0XC2,0XF6,0XC2,0XF6,0XC2,0XF6,0XC2,0XF6,0XC2,0XF6,0XC2,0XF6,0XC2,0XF6,
    0XC2,0XF6,0XC2,0XF6,0XC2,0XF6,0XC2,0XF6,0XA1,0XF6,0X25,0XA4,0XA6,0XED,0XC8,0XED,
    0XC8,0XED,0XA8,0XED,0XA8,0XED,0XA8,0XED,0X88,0XED,0X69,0XFE,0X49,0XFE,0X69,0XFE,
    0X69,0XFE,0X4A,0XFE,0X49,0XFE,0X07,0XEE,0X4A,0XFE,0XEA,0XED,0XEA,0XC4,0X89,0XFE,
    0X89,0XFE,0X89,0XFE,0X89,0XFE,0X89,0XFE,0X89,0XFE,0X6A,0XFE,0X69,0XFE,0X69,0XFE,
    0X69,0XFE,0X69,0XFE,0X49,0XFE,0X49,0XFE,0X49,0XFE,0X49,0XFE,0X49,0XFE,0X4A,0XFE,
    0X4A,0XFE,0X4A,0XFE,0X29,0XFE,0X49,0XFE,0X29,0XFE,0X2A,0XFE,0X68,0XFE,0X22,0X73,
    0XC2,0XF6,0XE2,0XEE,0XA8,0XFE,0XA8,0XFE,0XA8,0XFE,0XA9,0XFE,0XA9,0XFE,0XA9,0XFE,
    0X89,0XFE,0X89,0XFE,0X89,0XFE,0X89,0XFE,0X89,0XFE,0X89,0XFE,0X89,0XFE,0X69,0XFE,
    0X69,0XFE,0X69,0XFE,0X49,0XFE,0X49,0XFE,0X49,0XFE,0X49,0XFE,0X49,0XFE,0X4A,0XFE,
    0X29,0XFE,0X49,0XFE,0X29,0XFE,0X2A,0XFE,0X0A,0XFE,0X0A,0XFE,0X0A,0XFE,0X0A,0XFE,
    0X0A,0XFE,0X0A,0XFE,0X42,0X39,0XC2,0XF6,0XC2,0XF6,0XC2,0XF6,0XC2,0XF6,0XC2,0XF6,
    0XC2,0XF6,0XC2,0XF6,0XC2,0XF6,0XC2,0XF6,0XC2,0XF6,0XC2,0XF6,0XC2,0XF6,0XC2,0XF6,
    0XC2,0XF6,0XC2,0XF6,0XC2,0XF6,0XC2,0XF6,0XC2,0XF6,0XC2,0XF6,0XC2,0XF6,0XC2,0XF6,
    0XC2,0XF6,0XC1,0XF6,0XE0,0X30,0XA9,0XED,0XE8,0XED,0XA8,0XED,0XA8,0XED,0XA8,0XED,
    0X88,0XED,0X69,0XED,0X68,0XED,0X49,0XED,0X48,0XED,0X08,0XE5,0XE7,0XDC,0X6A,0XCD,
    0X89,0XFE,0X89,0XFE,0X89,0XFE,0X89,0XFE,0X89,0XFE,0X89,0XFE,0X89,0XFE,0X89,0XFE,
    0X89,0XFE,0X6A,0XFE,0X69,0XFE,0X69,0XFE,0X69,0XFE,0X69,0XFE,0X49,0XFE,0X49,0XFE,
    0X49,0XFE,0X49,0XFE,0X49,0XFE,0X4A,0XFE,0X4A,0XFE,0X4A,0XFE,0X29,0XFE,0X49,0XFE,
    0X0A,0XFE,0XAA,0XFE,0X84,0XEE,0XC2,0XF6,0XC2,0XF6,0X80,0X29,0XA8,0XFE,0XA8,0XFE,
    0XA8,0XFE,0XA9,0XFE,0XA9,0XFE,0XA9,0XFE,0X89,0XFE,0X89,0XFE,0X89,0XFE,0X89,0XFE,
    0X89,0XFE,0X89,0XFE,0X89,0XFE,0X69,0XFE,0X69,0XFE,0X69,0XFE,0X49,0XFE,0X49,0XFE,
    0X49,0XFE,0X49,0XFE,0X49,0XFE,0X4A,0XFE,0X29,0XFE,0X49,0XFE,0X29,0XFE,0X2A,0XFE,
    0X0A,0XFE,0X0A,0XFE,0X0A,0XFE,0X0A,0XFE,0XA9,0XF5,0X82,0X20,0XC2,0XF6,0XC2,0XF6,
    0XC2,0XF6,0XC2,0XF6,0XC2,0XF6,0XC2,0XF6,0XC2,0XF6,0XC2,0XF6,0XC2,0XF6,0XC2,0XF6,
    0XC2,0XF6,0XC2,0XF6,0XC2,0XF6,0XC2,0XF6,0XC2,0XF6,0XC2,0XF6,0XC2,0XF6,0XC2,0XF6,
    0XC2,0XF6,0XC2,0XF6,0XC2,0XF6,0XC2,0XF6,0XC2,0XF6,0XC2,0XF6,0XC2,0XF6,0XA2,0X8B,
    0X62,0X39,0XA8,0XE5,0XC6,0XE5,0XA9,0XED,0X89,0XE5,0X88,0XE5,0X67,0XE5,0X68,0XF5,
    0X68,0XB4,0XA7,0XD5,0XA9,0XFE,0X89,0XFE,0X89,0XFE,0X89,0XFE,0X89,0XFE,0X89,0XFE,
    0X89,0XFE,0X89,0XFE,0X89,0XFE,0X89,0XFE,0X89,0XFE,0X6A,0XFE,0X69,0XFE,0X69,0XFE,
    0X69,0XFE,0X69,0XFE,0X49,0XFE,0X49,0XFE,0X49,0XFE,0X49,0XFE,0X49,0XFE,0X4A,0XFE,
    0X4A,0XFE,0X4A,0XFE,0X49,0XFE,0X48,0XFE,0XAB,0XDD,0XE3,0XFE,0XC2,0XF6,0XC2,0XF6,
    0XC4,0XF6,0X00,0X00,0XA8,0XFE,0XA8,0XFE,0XA8,0XFE,0XA9,0XFE,0XA9,0XFE,0XA9,0XFE,
    0X89,0XFE,0X89,0XFE,0X89,0XFE,0X89,0XFE,0X89,0XFE,0X89,0XFE,0X89,0XFE,0X69,0XFE,
    0X69,0XFE,0X69,0XFE,0X49,0XFE,0X49,0XFE,0X49,0XFE,0X49,0XFE,0X49,0XFE,0X4A,0XFE,
    0X29,0XFE,0X49,0XFE,0X29,0XFE,0X2A,0XFE,0X0A,0XFE,0X0A,0XFE,0X0A,0XFE,0XEC,0XFD,
    0X02,0X08,0XC2,0XF6,0XC2,0XF6,0XC2,0XF6,0XC2,0XF6,0XC2,0XF6,0XC2,0XF6,0XC2,0XF6,
    0XC2,0XF6,0XC2,0XF6,0XC2,0XF6,0XC2,0XF6,0XC2,0XF6,0XC2,0XF6,0XC2,0XF6,0XC2,0XF6,
    0XC2,0XF6,0XC2,0XF6,0XC2,0XF6,0XC2,0XF6,0XC2,0XF6,0XC2,0XF6,0XC2,0XF6,0XC2,0XF6,
    0XC2,0XF6,0XC2,0XF6,0XC2,0XF6,0XC2,0XF6,0XA0,0XEE,0X00,0X52,0XE8,0XFE,0XA8,0XFE,
    0XA8,0XFE,0XA8,0XFE,0XA9,0XFE,0XA9,0XFE,0XA9,0XFE,0XA9,0XFE,0XA9,0XFE,0X89,0XFE,
    0X89,0XFE,0X89,0XFE,0X89,0XFE,0X89,0XFE,0X89,0XFE,0X89,0XFE,0X89,0XFE,0X89,0XFE,
    0X89,0XFE,0X6A,0XFE,0X69,0XFE,0X69,0XFE,0X69,0XFE,0X69,0XFE,0X49,0XFE,0X49,0XFE,
    0X49,0XFE,0X49,0XFE,0X49,0XFE,0X4A,0XFE,0X4A,0XFE,0X4A,0XFE,0XC9,0XF5,0X02,0X00,
    0XE2,0XFE,0XC2,0XF6,0XC2,0XF6,0XC2,0XF6,0XA1,0XF6,0X07,0XE6,0XA8,0XFE,0XA8,0XFE,
    0XA8,0XFE,0XA9,0XFE,0XA9,0XFE,0XA9,0XFE,0X89,0XFE,0X89,0XFE,0X89,0XFE,0X89,0XFE,
    0X89,0XFE,0X89,0XFE,0X89,0XFE,0X69,0XFE,0X69,0XFE,0X69,0XFE,0X49,0XFE,0X49,0XFE,
    0X49,0XFE,0X49,0XFE,0X49,0XFE,0X4A,0XFE,0X29,0XFE,0X49,0XFE,0X29,0XFE,0X2A,0XFE,
    0X0A,0XFE,0X0A,0XFE,0X0E,0XFE,0X03,0X08,0XC2,0XF6,0XC2,0XF6,0XC2,0XF6,0XC2,0XF6,
    0XC2,0XF6,0XC2,0XF6,0XC2,0XF6,0XC2,0XF6,0XC2,0XF6,0XC2,0XF6,0XC2,0XF6,0XC2,0XF6,
    0XC2,0XF6,0XC2,0XF6,0XC2,0XF6,0XC2,0XF6,0XC2,0XF6,0XC2,0XF6,0XC2,0XF6,0XC2,0XF6,
    0XC2,0XF6,0XC2,0XF6,0XC2,0XF6,0XC2,0XF6,0XC2,0XF6,0XC2,0XF6,0XC2,0XF6,0XC2,0XF6,
    0X00,0XEF,0X89,0XFE,0XA7,0XFE,0XA8,0XFE,0XA8,0XFE,0XA8,0XFE,0XA9,0XFE,0XA9,0XFE,
    0XA9,0XFE,0XA9,0XFE,0XA9,0XFE,0X89,0XFE,0X89,0XFE,0X89,0XFE,0X89,0XFE,0X89,0XFE,
    0X89,0XFE,0X89,0XFE,0X89,0XFE,0X89,0XFE,0X89,0XFE,0X6A,0XFE,0X69,0XFE,0X69,0XFE,
    0X69,0XFE,0X69,0XFE,0X49,0XFE,0X49,0XFE,0X49,0XFE,0X49,0XFE,0X49,0XFE,0X4A,0XFE,
    0X4A,0XFE,0X4A,0XFE,0X40,0X21,0XA3,0XFE,0X60,0XEE,0XC2,0XF6,0XC2,0XF6,0XC2,0XF6,
    0X60,0XE6,0X83,0XF6,0XA8,0XFE,0XA8,0XFE,0XA8,0XFE,0XA9,0XFE,0XA9,0XFE,0XA9,0XFE,
    0X89,0XFE,0X89,0XFE,0X89,0XFE,0X89,0XFE,0X89,0XFE,0X89,0XFE,0X89,0XFE,0X69,0XFE,
    0X69,0XFE,0X69,0XFE,0X49,0XFE,0X49,0XFE,0X49,0XFE,0X49,0XFE,0X49,0XFE,0X4A,0XFE,
    0X29,0XFE,0X49,0XFE,0X29,0XFE,0X2A,0XFE,0X0A,0XFE,0X0A,0XFE,0XA0,0X18,0XA5,0XFE,
    0XC2,0XF6,0XC2,0XF6,0XC2,0XF6,0XC2,0XF6,0XC2,0XF6,0XC2,0XF6,0XC2,0XF6,0XC2,0XF6,
    0XC2,0XF6,0XC2,0XF6,0XC2,0XF6,0XC2,0XF6,0XC2,0XF6,0XC2,0XF6,0XC2,0XF6,0XC2,0XF6,
    0XC2,0XF6,0XC2,0XF6,0XC2,0XF6,0XC2,0XF6,0XC2,0XF6,0XC2,0XF6,0XC2,0XF6,0XC2,0XF6,
    0XC2,0XF6,0XC2,0XF6,0XC2,0XF6,0XC2,0XF6,0X04,0XB5,0XA8,0XFE,0XA8,0XFE,0XA8,0XFE,
    0XA8,0XFE,0XA8,0XFE,0XA9,0XFE,0XA9,0XFE,0XA9,0XFE,0XA9,0XFE,0XA9,0XFE,0X89,0XFE,
    0X89,0XFE,0X89,0XFE,0X89,0XFE,0X89,0XFE,0X89,0XFE,0X89,0XFE,0X89,0XFE,0X89,0XFE,
    0X89,0XFE,0X6A,0XFE,0X69,0XFE,0X69,0XFE,0X69,0XFE,0X69,0XFE,0X49,0XFE,0X49,0XFE,
    0X49,0XFE,0X49,0XFE,0X49,0XFE,0X4B,0XFE,0X43,0X5A,0X20,0XFF,0X42,0XFF,0XC2,0XF6,
    0XC2,0XF6,0XC2,0XF6,0XC2,0XF6,0XC2,0XF6,0X23,0XCE,0XA7,0XFE,0XA8,0XFE,0XA8,0XFE,
    0XA8,0XFE,0XA9,0XFE,0XA9,0XFE,0XA9,0XFE,0X89,0XFE,0X89,0XFE,0X89,0XFE,0X89,0XFE,
    0X89,0XFE,0X89,0XFE,0X89,0XFE,0X69,0XFE,0X69,0XFE,0X69,0XFE,0X49,0XFE,0X49,0XFE,
    0X49,0XFE,0X49,0XFE,0X49,0XFE,0X4A,0XFE,0X29,0XFE,0X49,0XFE,0X29,0XFE,0X2A,0XFE,
    0X0A,0XFE,0XE6,0X72,0X40,0XEE,0XC2,0XF6,0XC2,0XF6,0XC2,0XF6,0XC2,0XF6,0XC2,0XF6,
    0XC2,0XF6,0XC2,0XF6,0XC2,0XF6,0XC2,0XF6,0XC2,0XF6,0XC2,0XF6,0XC2,0XF6,0XC2,0XF6,
    0XC2,0XF6,0XC2,0XF6,0XC2,0XF6,0XC2,0XF6,0XC2,0XF6,0XC2,0XF6,0XC2,0XF6,0XC2,0XF6,
    0XC2,0XF6,0XC2,0XF6,0XC2,0XF6,0XC2,0XF6,0XC2,0XF6,0XC2,0XF6,0XC2,0XF6,0XA2,0XF6,
    0XA0,0X20,0XA8,0XFE,0XA8,0XFE,0XA8,0XFE,0XA8,0XFE,0XA8,0XFE,0XA9,0XFE,0XA9,0XFE,
    0XA9,0XFE,0XA9,0XFE,0XA9,0XFE,0X89,0XFE,0X89,0XFE,0X89,0XFE,0X89,0XFE,0X89,0XFE,
    0X89,0XFE,0X89,0XFE,0X89,0XFE,0X89,0XFE,0X89,0XFE,0X6A,0XFE,0X69,0XFE,0X69,0XFE,
    0X69,0XFE,0X69,0XFE,0X49,0XFE,0X49,0XFE,0X49,0XFE,0X49,0XFE,0XEB,0XFE,0X68,0XFE,
    0XE4,0XEE,0X81,0XEE,0XC2,0XF6,0XC2,0XF6,0XC2,0XF6,0XC2,0XF6,0XC2,0XF6,0XC2,0XF6,
    0X40,0X00,0XA8,0XFE,0XA8,0XFE,0XA8,0XFE,0XA8,0XFE,0XA9,0XFE,0XA9,0XFE,0XA9,0XFE,
    0X87,0XF6,0X89,0XFE,0X89,0XFE,0X89,0XFE,0X89,0XFE,0X89,0XFE,0X89,0XFE,0X69,0XFE,
    0X69,0XFE,0X69,0XFE,0X49,0XFE,0X49,0XFE,0X49,0XFE,0X49,0XFE,0X49,0XFE,0X4A,0XFE,
    0X29,0XFE,0X49,0XFE,0X29,0XFE,0X2A,0XFE,0X80,0X20,0X60,0XEE,0XC2,0XF6,0XC2,0XF6,
    0XC2,0XF6,0XC2,0XF6,0XC2,0XF6,0XC2,0XF6,0XC2,0XF6,0XC2,0XF6,0XC2,0XF6,0XC2,0XF6,
    0XC2,0XF6,0XC2,0XF6,0XC2,0XF6,0XC2,0XF6,0XC2,0XF6,0XC2,0XF6,0XC2,0XF6,0XC2,0XF6,
    0XC2,0XF6,0XC2,0XF6,0XC2,0XF6,0XC2,0XF6,0XC2,0XF6,0XC2,0XF6,0XC2,0XF6,0XC2,0XF6,
    0XC2,0XF6,0XC2,0XF6,0XC2,0XF6,0XE2,0XFE,0XA8,0XFE,0XA8,0XFE,0XA8,0XFE,0XA8,0XFE,
    0XA8,0XFE,0XA8,0XFE,0XA9,0XFE,0XA9,0XFE,0XA9,0XFE,0XA9,0XFE,0XA9,0XFE,0X89,0XFE,
    0X89,0XFE,0X89,0XFE,0X89,0XFE,0X89,0XFE,0X89,0XFE,0X89,0XFE,0X89,0XFE,0X89,0XFE,
    0X89,0XFE,0X6A,0XFE,0X69,0XFE,0X69,0XFE,0X69,0XFE,0X69,0XFE,0X49,0XFE,0X49,0XFE,
    0X49,0XFE,0X49,0XFE,0X49,0XFE,0X49,0XFE,0XC2,0XFE,0XC2,0XF6,0XC2,0XF6,0XC2,0XF6,
    0XC2,0XF6,0XC2,0XF6,0XC2,0XF6,0XC2,0XF6,0X02,0X29,0XA8,0XFE,0XA8,0XFE,0XA8,0XFE,
    0XA8,0XFE,0XA9,0XFE,0XE9,0XFE,0XE3,0X72,0XE7,0XEE,0XE0,0X62,0X22,0X10,0XA9,0XFE,
    0X68,0XF6,0X89,0XFE,0X89,0XFE,0X69,0XFE,0X69,0XFE,0X69,0XFE,0X49,0XFE,0X49,0XFE,
    0X49,0XFE,0X49,0XFE,0X49,0XFE,0X4A,0XFE,0X29,0XFE,0X49,0XFE,0X29,0XFE,0X63,0X83,
    0XC3,0XFE,0XC2,0XF6,0XC2,0XF6,0XC2,0XF6,0XC2,0XF6,0XC2,0XF6,0XC2,0XF6,0XC2,0XF6,
    0XC2,0XF6,0XC2,0XF6,0XC2,0XF6,0XC2,0XF6,0XC2,0XF6,0XC2,0XF6,0XC2,0XF6,0XC2,0XF6,
    0XC2,0XF6,0XC2,0XF6,0XC2,0XF6,0XC2,0XF6,0XC2,0XF6,0XC2,0XF6,0XC2,0XF6,0XC2,0XF6,
    0XC2,0XF6,0XC2,0XF6,0XC2,0XF6,0XC2,0XF6,0XC2,0XF6,0XC2,0XF6,0XC2,0XF6,0XE0,0X20,
    0XA8,0XFE,0XA8,0XFE,0XA8,0XFE,0XA8,0XFE,0XA8,0XFE,0XA8,0XFE,0XA9,0XFE,0XA9,0XFE,
    0XA9,0XFE,0XA9,0XFE,0XA9,0XFE,0X89,0XFE,0X89,0XFE,0X89,0XFE,0X89,0XFE,0X89,0XFE,
    0X89,0XFE,0X89,0XFE,0X89,0XFE,0X89,0XFE,0X89,0XFE,0X6A,0XFE,0X69,0XFE,0X69,0XFE,
    0X69,0XFE,0X69,0XFE,0X49,0XFE,0X49,0XFE,0X49,0XFE,0X49,0XFE,0X49,0XFE,0X6A,0XFE,
    0X80,0XF6,0XC2,0XF6,0X80,0X7B,0XE4,0XC5,0X01,0XFF,0XA2,0XF6,0XC2,0XF6,0XC4,0XFE,
    0X08,0XFF,0XA8,0XFE,0XA8,0XFE,0XA8,0XFE,0XA8,0XFE,0XA9,0XFE,0XAA,0XFE,0X46,0XFF,
    0XE2,0XF6,0XC2,0XF6,0XC3,0XF6,0XC3,0XF6,0XC0,0XEE,0XC0,0X18,0X63,0X41,0X87,0XFE,
    0X69,0XFE,0X69,0XFE,0X49,0XFE,0X49,0XFE,0X49,0XFE,0X49,0XFE,0X49,0XFE,0X4A,0XFE,
    0X29,0XFE,0X29,0XFE,0X01,0X39,0X82,0XF6,0XC2,0XF6,0XC2,0XF6,0XC2,0XF6,0XC2,0XF6,
    0XC2,0XF6,0XC2,0XF6,0XC2,0XF6,0XC2,0XF6,0XC2,0XF6,0XC2,0XF6,0XC2,0XF6,0XC2,0XF6,
    0XC2,0XF6,0XC2,0XF6,0XC2,0XF6,0XC2,0XF6,0XC2,0XF6,0XC2,0XF6,0XC2,0XF6,0XC2,0XF6,
    0XC2,0XF6,0XC2,0XF6,0XC2,0XF6,0XC2,0XF6,0XC2,0XF6,0XC2,0XF6,0XC2,0XF6,0XC2,0XF6,
    0XC2,0XF6,0XC2,0XF6,0XC3,0XF6,0X62,0X62,0XA8,0XFE,0XA8,0XFE,0XA8,0XFE,0XA8,0XFE,
    0XA8,0XFE,0XA8,0XFE,0XA9,0XFE,0XA9,0XFE,0XA9,0XFE,0XA9,0XFE,0XA9,0XFE,0X89,0XFE,
    0X89,0XFE,0X89,0XFE,0X89,0XFE,0X89,0XFE,0X89,0XFE,0X89,0XFE,0X89,0XFE,0X89,0XFE,
    0X89,0XFE,0X6A,0XFE,0X69,0XFE,0X69,0XFE,0X69,0XFE,0X69,0XFE,0X49,0XFE,0X49,0XFE,
    0X49,0XFE,0X49,0XFE,0X49,0XFE,0X29,0XFE,0XC2,0XFE,0XC2,0XF6,0XA0,0X41,0XCB,0XFE,
    0XE5,0XFE,0X0A,0XFF,0X82,0X62,0X02,0X00,0XC9,0XFE,0XA8,0XFE,0XA8,0XFE,0XA8,0XFE,
    0XA8,0XFE,0XE8,0XFE,0X24,0X00,0XE1,0XEE,0XC2,0XF6,0XC2,0XF6,0XC2,0XF6,0XC2,0XF6,
    0XC2,0XF6,0XC2,0XF6,0XA3,0XEE,0X60,0XE6,0XC0,0X6A,0X80,0X18,0X8A,0XFE,0X29,0XF6,
    0X49,0XFE,0X49,0XFE,0X49,0XFE,0X4A,0XFE,0X49,0XFE,0X25,0XA4,0X24,0XFF,0XC2,0XF6,
    0XC2,0XF6,0XC2,0XF6,0XC2,0XF6,0XC2,0XF6,0XC2,0XF6,0XC2,0XF6,0XC2,0XF6,0XC2,0XF6,
    0XC2,0XF6,0XC2,0XF6,0XC2,0XF6,0XC2,0XF6,0XC2,0XF6,0XC2,0XF6,0XC2,0XF6,0XC2,0XF6,
    0XC2,0XF6,0XC2,0XF6,0XC2,0XF6,0XC2,0XF6,0XC2,0XF6,0XC2,0XF6,0XC2,0XF6,0XC2,0XF6,
    0XC2,0XF6,0XC2,0XF6,0XC2,0XF6,0XC2,0XF6,0XC2,0XF6,0XC2,0XF6,0XE1,0XEE,0XA7,0XFE,
    0XA8,0XFE,0XA8,0XFE,0XA8,0XFE,0XA8,0XFE,0XA8,0XFE,0XA8,0XFE,0XA9,0XFE,0XA9,0XFE,
    0XA9,0XFE,0XA9,0XFE,0XA9,0XFE,0X89,0XFE,0X89,0XFE,0X89,0XFE,0X89,0XFE,0X89,0XFE,
    0X89,0XFE,0X89,0XFE,0X89,0XFE,0X89,0XFE,0X89,0XFE,0X6A,0XFE,0X69,0XFE,0X69,0XFE,
    0X69,0XFE,0X69,0XFE,0X49,0XFE,0X49,0XFE,0X49,0XFE,0X49,0XFE,0X49,0XFE,0X49,0XFE,
    0XC2,0XFE,0XC2,0XF6,0XA3,0XC5,0XC8,0XFE,0XC8,0XFE,0XA8,0XFE,0XA8,0XFE,0XA8,0XFE,
    0XA8,0XFE,0XA8,0XFE,0XA8,0XFE,0XA8,0XFE,0XA8,0XFE,0XA9,0XFE,0XC2,0XF6,0XC2,0XF6,
    0XC2,0XF6,0XC2,0XF6,0XC2,0XF6,0XC2,0XF6,0XC2,0XF6,0XC2,0XF6,0XC2,0XF6,0XC2,0XF6,
    0XC2,0XF6,0XC2,0XF6,0XE2,0XFE,0XE2,0XFE,0X60,0X10,0XC0,0X31,0X48,0XFE,0X4A,0XFE,
    0XA3,0X41,0XE4,0XFE,0XC2,0XF6,0XC2,0XF6,0XC2,0XF6,0XC2,0XF6,0XC2,0XF6,0XC2,0XF6,
    0XC2,0XF6,0XC2,0XF6,0XC2,0XF6,0XC2,0XF6,0XC2,0XF6,0XC2,0XF6,0XC2,0XF6,0XC2,0XF6,
    0XC2,0XF6,0XC2,0XF6,0XC2,0XF6,0XC2,0XF6,0XC2,0XF6,0XC2,0XF6,0XC2,0XF6,0XC2,0XF6,
    0XC2,0XF6,0XC2,0XF6,0XC2,0XF6,0XC2,0XF6,0XC2,0XF6,0XC2,0XF6,0XC2,0XF6,0XC2,0XF6,
    0XC2,0XF6,0XC3,0XF6,0X01,0X00,0XA8,0XFE,0XA8,0XFE,0XA8,0XFE,0XA8,0XFE,0XA8,0XFE,
    0XA8,0XFE,0XA8,0XFE,0XA9,0XFE,0XA9,0XFE,0XA9,0XFE,0XA9,0XFE,0XA9,0XFE,0X89,0XFE,
    0X89,0XFE,0X89,0XFE,0X89,0XFE,0X89,0XFE,0X89,0XFE,0X89,0XFE,0X89,0XFE,0X89,0XFE,
    0X89,0XFE,0X6A,0XFE,0X69,0XFE,0X69,0XFE,0X69,0XFE,0X69,0XFE,0X49,0XFE,0X49,0XFE,
    0X49,0XFE,0X49,0XFE,0X49,0XFE,0X69,0XFE,0X81,0XF6,0XC2,0XF6,0XE4,0XF6,0XC7,0XFE,
    0XC8,0XFE,0XA8,0XFE,0XA8,0XFE,0XA8,0XFE,0XA8,0XFE,0XA8,0XFE,0XA8,0XFE,0XA8,0XFE,
    0X87,0XF6,0X20,0X31,0XC2,0XF6,0XC2,0XF6,0XC2,0XF6,0XC2,0XF6,0XC2,0XF6,0XC2,0XF6,
    0XC2,0XF6,0XC2,0XF6,0XC2,0XF6,0XC2,0XF6,0XC2,0XF6,0XC2,0XF6,0XC2,0XF6,0XC2,0XF6,
    0XC2,0XF6,0XC2,0XF6,0XC2,0XFE,0X20,0X6B,0XA1,0XEE,0XC2,0XF6,0XC2,0XF6,0XC2,0XF6,
    0XC2,0XF6,0XC2,0XF6,0XC2,0XF6,0XC2,0XF6,0XC2,0XF6,0XC2,0XF6,0XC2,0XF6,0XC2,0XF6,
    0XC2,0XF6,0XC2,0XF6,0XC2,0XF6,0XC2,0XF6,0XC2,0XF6,0XC2,0XF6,0XC2,0XF6,0XC2,0XF6,
    0XC2,0XF6,0XC2,0XF6,0XC2,0XF6,0XC2,0XF6,0XC2,0XF6,0XC2,0XF6,0XC2,0XF6,0XC2,0XF6,
    0XC2,0XF6,0XC2,0XF6,0XC2,0XF6,0XC2,0XF6,0XC2,0XF6,0XA3,0XFE,0XEA,0XDD,0XA8,0XFE,
    0XA8,0XFE,0XA8,0XFE,0XA8,0XFE,0XA8,0XFE,0XA8,0XFE,0XA8,0XFE,0XA9,0XFE,0XA9,0XFE,
    0XA9,0XFE,0XA9,0XFE,0XA9,0XFE,0X89,0XFE,0X89,0XFE,0X89,0XFE,0X89,0XFE,0X89,0XFE,
    0X89,0XFE,0X89,0XFE,0X89,0XFE,0X89,0XFE,0X89,0XFE,0X6A,0XFE,0X69,0XFE,0X69,0XFE,
    0X69,0XFE,0X69,0XFE,0X49,0XFE,0X49,0XFE,0X49,0XFE,0X49,0XFE,0X49,0XFE,0X49,0XFE,
    0X83,0XFE,0XC2,0XF6,0XC2,0XF6,0XC9,0XFE,0XC8,0XFE,0XA8,0XFE,0XA8,0XFE,0XA8,0XFE,
    0XA8,0XFE,0XA8,0XFE,0XA8,0XFE,0XA8,0XFE,0X43,0X7B,0XC2,0XF6,0XC2,0XF6,0XC2,0XF6,
    0XC2,0XF6,0XC2,0XF6,0XC2,0XF6,0XC2,0XF6,0XC2,0XF6,0XC2,0XF6,0XC2,0XF6,0XC2,0XF6,
    0XC2,0XF6,0XC2,0XF6,0XC2,0XF6,0XC2,0XF6,0XC2,0XF6,0XC2,0XF6,0XC2,0XF6,0XC2,0XF6,
    0XC2,0XF6,0XC2,0XF6,0XC2,0XF6,0XC2,0XF6,0XC2,0XF6,0XC2,0XF6,0XC2,0XF6,0XC2,0XF6,
    0XC2,0XF6,0XC2,0XF6,0XC2,0XF6,0XC2,0XF6,0XC2,0XF6,0XC2,0XF6,0XC2,0XF6,0XC2,0XF6,
    0XC2,0XF6,0XC2,0XF6,0XC2,0XF6,0XC2,0XF6,0XC2,0XF6,0XC2,0XF6,0XC2,0XF6,0XC2,0XF6,
    0XC2,0XF6,0XC2,0XF6,0XC2,0XF6,0XC2,0XF6,0XC2,0XF6,0XC2,0XF6,0XC2,0XF6,0XC2,0XF6,
    0XC2,0XF6,0XA1,0XEE,0XA8,0XFE,0XA8,0XFE,0XA8,0XFE,0XA8,0XFE,0XA8,0XFE,0XA8,0XFE,
    0XA8,0XFE,0XA8,0XFE,0XA9,0XFE,0XA9,0XFE,0XA9,0XFE,0XA9,0XFE,0XA9,0XFE,0X89,0XFE,
    0X89,0XFE,0X89,0XFE,0X89,0XFE,0X89,0XFE,0X89,0XFE,0X89,0XFE,0X89,0XFE,0X89,0XFE,
    0X89,0XFE,0X6A,0XFE,0X69,0XFE,0X69,0XFE,0X69,0XFE,0X69,0XFE,0X49,0XFE,0X49,0XFE,
    0X49,0XFE,0X49,0XFE,0X49,0XFE,0X29,0XFE,0XA1,0XFE,0XC2,0XF6,0XC2,0XF6,0XA7,0XFE,
    0XC8,0XFE,0XA8,0XFE,0XA8,0XFE,0XA8,0XFE,0XA8,0XFE,0XA8,0XFE,0XA8,0XFE,0XA8,0XFE,
    0XA6,0XEE,0XC2,0XF6,0XC2,0XF6,0XC2,0XF6,0XC2,0XF6,0XC2,0XF6,0XC2,0XF6,0XC2,0XF6,
    0XC2,0XF6,0XC2,0XF6,0XC2,0XF6,0XC2,0XF6,0XC2,0XF6,0XC2,0XF6,0XC2,0XF6,0XC2,0XF6,
    0XC2,0XF6,0XC2,0XF6,0XC2,0XF6,0XC2,0XF6,0XC2,0XF6,0XC2,0XF6,0XC2,0XF6,0XC2,0XF6,
    0XC2,0XF6,0XC2,0XF6,0XC2,0XF6,0XC2,0XF6,0XC2,0XF6,0XC2,0XF6,0XC2,0XF6,0XC2,0XF6,
    0XC2,0XF6,0XC2,0XF6,0XC2,0XF6,0XC2,0XF6,0XC2,0XF6,0XC2,0XF6,0XC2,0XF6,0XC2,0XF6,
    0XC2,0XF6,0XC2,0XF6,0XC2,0XF6,0XC2,0XF6,0XC2,0XF6,0XC2,0XF6,0XC2,0XF6,0XC2,0XF6,
    0XC2,0XF6,0XC2,0XF6,0XC2,0XF6,0XC2,0XF6,0XC2,0XF6,0X43,0X10,0XA8,0XFE,0XA8,0XFE,
    0XA8,0XFE,0XA8,0XFE,0XA8,0XFE,0XA8,0XFE,0XA8,0XFE,0XA8,0XFE,0XA9,0XFE,0XA9,0XFE,
    0XA9,0XFE,0XA9,0XFE,0XA9,0XFE,0X89,0XFE,0X89,0XFE,0X89,0XFE,0X89,0XFE,0X89,0XFE,
    0X89,0XFE,0X89,0XFE,0X89,0XFE,0X89,0XFE,0X89,0XFE,0X6A,0XFE,0X69,0XFE,0X69,0XFE,
    0X69,0XFE,0X69,0XFE,0X49,0XFE,0X49,0XFE,0X49,0XFE,0X49,0XFE,0X49,0XFE,0X4A,0XFE,
    0X24,0XDE,0XA2,0XF6,0XC2,0XF6,0XE6,0XFE,0XA7,0XFE,0XC7,0XFE,0XC8,0XFE,0X20,0X08,
    0XE8,0XFE,0X8A,0XFE,0XC7,0XFE,0X80,0X18,0XC2,0XF6,0XC2,0XF6,0XC2,0XF6,0XC2,0XF6,
    0XC2,0XF6,0XC2,0XF6,0XC2,0XF6,0XC2,0XF6,0XC2,0XF6,0XC2,0XF6,0XC2,0XF6,0XC2,0XF6,
    0XC2,0XF6,0XC2,0XF6,0XC2,0XF6,0XC2,0XF6,0XC2,0XF6,0XC2,0XF6,0XC2,0XF6,0XC2,0XF6,
    0XC2,0XF6,0XC2,0XF6,0XC2,0XF6,0XC2,0XF6,0XC2,0XF6,0XC2,0XF6,0XC2,0XF6,0XC2,0XF6,
    0XC2,0XF6,0XC2,0XF6,0XC2,0XF6,0XC2,0XF6,0XC2,0XF6,0XC2,0XF6,0XC2,0XF6,0XC2,0XF6,
    0XC2,0XF6,0XC2,0XF6,0XC2,0XF6,0XC2,0XF6,0XC2,0XF6,0XC2,0XF6,0XC2,0XF6,0XC2,0XF6,
    0XC2,0XF6,0XC2,0XF6,0XC2,0XF6,0XC2,0XF6,0XC2,0XF6,0XC2,0XF6,0XC2,0XF6,0XC2,0XF6,
    0XC4,0XF6,0X68,0XEE,0XA8,0XFE,0XA8,0XFE,0XA8,0XFE,0XA8,0XFE,0XA8,0XFE,0XA8,0XFE,
    0XA8,0XFE,0XA8,0XFE,0XA9,0XFE,0XA9,0XFE,0XA9,0XFE,0XA9,0XFE,0XA9,0XFE,0X89,0XFE,
    0X89,0XFE,0X89,0XFE,0X89,0XFE,0X89,0XFE,0X89,0XFE,0X89,0XFE,0X89,0XFE,0X89,0XFE,
    0X89,0XFE,0X6A,0XFE,0X69,0XFE,0X69,0XFE,0X69,0XFE,0X69,0XFE,0X49,0XFE,0X49,0XFE,
    0X49,0XFE,0X49,0XFE,0X49,0XFE,0X4A,0XFE,0X40,0X00,0X41,0XFF,0XC2,0XF6,0X23,0XB2,
    0X05,0XD4,0X23,0XCA,0X46,0XF7,0X24,0XD6,0XC2,0XF6,0X03,0XFF,0X20,0X00,0XA2,0XEE,
    0XC2,0XF6,0XC2,0XF6,0XC2,0XF6,0XC2,0XF6,0XC2,0XF6,0XC2,0XF6,0XC2,0XF6,0XC2,0XF6,
    0XC2,0XF6,0XC2,0XF6,0XC2,0XF6,0XC2,0XF6,0XC2,0XF6,0XC2,0XF6,0XC2,0XF6,0XC2,0XF6,
    0XC2,0XF6,0XC2,0XF6,0XC2,0XF6,0XC2,0XF6,0XC2,0XF6,0XC2,0XF6,0XC2,0XF6,0XC2,0XF6,
    0XC2,0XF6,0XC2,0XF6,0XC2,0XF6,0XC2,0XF6,0XC2,0XF6,0XC2,0XF6,0XC2,0XF6,0XC2,0XF6,
    0XC2,0XF6,0XC2,0XF6,0XC2,0XF6,0XC2,0XF6,0XC2,0XF6,0XC2,0XF6,0XC2,0XF6,0XC2,0XF6,
    0XC2,0XF6,0XC2,0XF6,0XC2,0XF6,0XC2,0XF6,0XC2,0XF6,0XC2,0XF6,0XC2,0XF6,0XC2,0XF6,
    0XC2,0XF6,0XC2,0XF6,0XC2,0XF6,0XC2,0XF6,0X80,0XDE,0XA8,0XFE,0XA8,0XFE,0XA8,0XFE,
    0XA8,0XFE,0XA8,0XFE,0XA8,0XFE,0XA8,0XFE,0XA8,0XFE,0XA8,0XFE,0XA9,0XFE,0XA9,0XFE,
    0XA9,0XFE,0XA9,0XFE,0XA9,0XFE,0X89,0XFE,0X89,0XFE,0X89,0XFE,0X89,0XFE,0X89,0XFE,
    0X89,0XFE,0X89,0XFE,0X89,0XFE,0X89,0XFE,0X89,0XFE,0X6A,0XFE,0X69,0XFE,0X69,0XFE,
    0X69,0XFE,0X69,0XFE,0X49,0XFE,0X49,0XFE,0X49,0XFE,0X49,0XFE,0X49,0XFE,0X26,0XF6,
    0X40,0X28,0XA1,0X30,0X04,0XF7,0X62,0X61,0X05,0XD2,0XC5,0XD1,0XA4,0XC1,0X82,0XEE,
    0XC2,0XF6,0XC2,0XF6,0XC2,0XF6,0XC2,0XF6,0XC2,0XF6,0XC2,0XF6,0XC2,0XF6,0XC2,0XF6,
    0XC2,0XF6,0XC2,0XF6,0XC2,0XF6,0XC2,0XF6,0XC2,0XF6,0XC2,0XF6,0XC2,0XF6,0XC2,0XF6,
    0XC2,0XF6,0XC2,0XF6,0XC2,0XF6,0XC2,0XF6,0XC2,0XF6,0XC2,0XF6,0XC2,0XF6,0XC2,0XF6,
    0XC2,0XF6,0XC2,0XF6,0XC2,0XF6,0XC2,0XF6,0XC2,0XF6,0XC2,0XF6,0XC2,0XF6,0XC2,0XF6,
    0XC2,0XF6,0XC2,0XF6,0XC2,0XF6,0XC2,0XF6,0XC2,0XF6,0XC2,0XF6,0XC2,0XF6,0XC2,0XF6,
    0XC2,0XF6,0XC2,0XF6,0XC2,0XF6,0XC2,0XF6,0XC2,0XF6,0XC2,0XF6,0XC2,0XF6,0XC2,0XF6,
    0XC2,0XF6,0XC2,0XF6,0XC2,0XF6,0XC2,0XF6,0XC2,0XF6,0XC2,0XF6,0XC2,0XF6,0X80,0XEE,
    0X20,0X00,0XA8,0XFE,0XA8,0XFE,0XA8,0XFE,0XA8,0XFE,0XA8,0XFE,0XA8,0XFE,0XA8,0XFE,
    0XA8,0XFE,0XA8,0XFE,0XA9,0XFE,0XA9,0XFE,0XA9,0XFE,0XA9,0XFE,0XA9,0XFE,0X89,0XFE,
    0X89,0XFE,0X89,0XFE,0X89,0XFE,0X89,0XFE,0X89,0XFE,0X89,0XFE,0X89,0XFE,0X89,0XFE,
    0X89,0XFE,0X6A,0XFE,0X69,0XFE,0X69,0XFE,0X69,0XFE,0X69,0XFE,0X49,0XFE,0X49,0XFE,
    0X49,0XFE,0X49,0XFE,0X49,0XFE,0X4A,0XFE,0X4A,0XFE,0X45,0XCA,0X24,0XC2,0X04,0XC2,
    0X05,0XD2,0XC5,0XD1,0X64,0XD1,0X81,0XEE,0XC2,0XF6,0XC2,0XF6,0XC2,0XF6,0XC2,0XF6,
    0XC2,0XF6,0XC2,0XF6,0XC2,0XF6,0XC2,0XF6,0XC2,0XF6,0XC2,0XF6,0XC2,0XF6,0XC2,0XF6,
    0XC2,0XF6,0XC2,0XF6,0XC2,0XF6,0XC2,0XF6,0XC2,0XF6,0XC2,0XF6,0XC2,0XF6,0XC2,0XF6,
    0XC2,0XF6,0XC2,0XF6,0XC2,0XF6,0XC2,0XF6,0XC2,0XF6,0XC2,0XF6,0XC2,0XF6,0XC2,0XF6,
    0XC2,0XF6,0XC2,0XF6,0XC2,0XF6,0XC2,0XF6,0XC2,0XF6,0XC2,0XF6,0XC2,0XF6,0XC2,0XF6,
    0XC2,0XF6,0XC2,0XF6,0XC2,0XF6,0XC2,0XF6,0XC2,0XF6,0XC2,0XF6,0XC2,0XF6,0XC2,0XF6,
    0XC2,0XF6,0XC2,0XF6,0XC2,0XF6,0XC2,0XF6,0XC2,0XF6,0XC2,0XF6,0XC2,0XF6,0XC2,0XF6,
    0XC2,0XF6,0XC2,0XF6,0XC2,0XF6,0XE1,0XFE,0X09,0XFF,0XA8,0XFE,0XA8,0XFE,0XA8,0XFE,
    0XA8,0XFE,0XA8,0XFE,0XA8,0XFE,0XA8,0XFE,0XA8,0XFE,0XA8,0XFE,0XA9,0XFE,0XA9,0XFE,
    0XA9,0XFE,0XA9,0XFE,0XA9,0XFE,0X89,0XFE,0X89,0XFE,0X89,0XFE,0X89,0XFE,0X89,0XFE,
    0X89,0XFE,0X89,0XFE,0X89,0XFE,0X89,0XFE,0X89,0XFE,0X6A,0XFE,0X69,0XFE,0X69,0XFE,
    0X69,0XFE,0X69,0XFE,0X49,0XFE,0X49,0XFE,0X49,0XFE,0X49,0XFE,0X49,0XFE,0X4A,0XFE,
    0X4A,0XFE,0XE4,0XBA,0X24,0XC2,0X04,0XC2,0XE4,0XC9,0XC5,0XD1,0X06,0XDA,0XA1,0XFE,
    0XC2,0XF6,0XC2,0XF6,0XC2,0XF6,0XC2,0XF6,0XC2,0XF6,0XC2,0XF6,0XC2,0XF6,0XC2,0XF6,
    0XC2,0XF6,0XC2,0XF6,0XC2,0XF6,0XC2,0XF6,0XC2,0XF6,0XC2,0XF6,0XC2,0XF6,0XC2,0XF6,
    0XC2,0XF6,0XC2,0XF6,0XC2,0XF6,0XC2,0XF6,0XC2,0XF6,0XC2,0XF6,0XC2,0XF6,0XC2,0XF6,
    0XC2,0XF6,0XC2,0XF6,0XC2,0XF6,0XC2,0XF6,0XC2,0XF6,0XC2,0XF6,0XC2,0XF6,0XC2,0XF6,
    0XC2,0XF6,0XC2,0XF6,0XC2,0XF6,0XC2,0XF6,0XC2,0XF6,0XC2,0XF6,0XC2,0XF6,0XC2,0XF6,
    0XC2,0XF6,0XC2,0XF6,0XC2,0XF6,0XC2,0XF6,0XC2,0XF6,0XC2,0XF6,0XC2,0XF6,0XC2,0XF6,
    0XC2,0XF6,0XC2,0XF6,0XC2,0XF6,0XC2,0XF6,0XC2,0XF6,0XC2,0XF6,0XC2,0XF6,0XE1,0XF6,
    0X48,0XFE,0XA8,0XFE,0XA8,0XFE,0XA8,0XFE,0XA8,0XFE,0XA8,0XFE,0XA8,0XFE,0XA8,0XFE,
    0XA8,0XFE,0XA8,0XFE,0XA9,0XFE,0XA9,0XFE,0XA9,0XFE,0XA9,0XFE,0XA9,0XFE,0X89,0XFE,
    0X89,0XFE,0X89,0XFE,0X89,0XFE,0X89,0XFE,0X89,0XFE,0X89,0XFE,0X89,0XFE,0X89,0XFE,
    0X89,0XFE,0X6A,0XFE,0X69,0XFE,0X69,0XFE,0X69,0XFE,0X69,0XFE,0X49,0XFE,0X49,0XFE,
    0X49,0XFE,0X49,0XFE,0X49,0XFE,0X4A,0XFE,0X4A,0XFE,0X63,0X61,0X24,0XC2,0X04,0XC2,
    0XC4,0XC1,0XA5,0XC9,0X86,0XD9,0XA2,0XFE,0XC2,0XF6,0XC2,0XF6,0XC2,0XF6,0XC2,0XF6,
    0XC2,0XF6,0XC2,0XF6,0XC2,0XF6,0XC2,0XF6,0XC2,0XF6,0XC2,0XF6,0XC2,0XF6,0XC2,0XF6,
    0XC2,0XF6,0XC2,0XF6,0XC2,0XF6,0XC2,0XF6,0XC2,0XF6,0XC2,0XF6,0XC2,0XF6,0XC2,0XF6,
    0XC2,0XF6,0XC2,0XF6,0XC2,0XF6,0XC2,0XF6,0XC2,0XF6,0XC2,0XF6,0XC2,0XF6,0XC2,0XF6,
    0XC2,0XF6,0XC2,0XF6,0XC2,0XF6,0XC2,0XF6,0XC2,0XF6,0XC2,0XF6,0XC2,0XF6,0XC2,0XF6,
    0XC2,0XF6,0XC2,0XF6,0XC2,0XF6,0XC2,0XF6,0XC2,0XF6,0XC2,0XF6,0XC2,0XF6,0XC2,0XF6,
    0XC2,0XF6,0XC2,0XF6,0XC2,0XF6,0XC2,0XF6,0XC2,0XF6,0XC2,0XF6,0XC2,0XF6,0XC2,0XF6,
    0XC2,0XF6,0XC2,0XF6,0XC2,0XF6,0X00,0X00,0XA8,0XFE,0XA8,0XFE,0XA8,0XFE,0XA8,0XFE,
    0XA8,0XFE,0XA8,0XFE,0XA8,0XFE,0XA8,0XFE,0XA8,0XFE,0XA8,0XFE,0XA9,0XFE,0XA9,0XFE,
    0XA9,0XFE,0XA9,0XFE,0XA9,0XFE,0X89,0XFE,0X89,0XFE,0X89,0XFE,0X89,0XFE,0X89,0XFE,
    0X89,0XFE,0X89,0XFE,0X89,0XFE,0X89,0XFE,0X89,0XFE,0X6A,0XFE,0X69,0XFE,0X69,0XFE,
    0X69,0XFE,0X69,0XFE,0X49,0XFE,0X49,0XFE,0X49,0XFE,0X49,0XFE,0X49,0XFE,0X4A,0XFE,
    0X4A,0XFE,0X69,0XFE,0XC0,0XFE,0X40,0X00,0X61,0X48,0XC6,0XB9,0XA6,0XA9,0XE5,0XFE,
    0XC2,0XF6,0XC2,0XF6,0XC2,0XF6,0XC2,0XF6,0XC2,0XF6,0XC2,0XF6,0XC2,0XF6,0XC2,0XF6,
    0XC2,0XF6,0XC2,0XF6,0XC2,0XF6,0XC2,0XF6,0XC2,0XF6,0XC2,0XF6,0XC2,0XF6,0XC2,0XF6,
    0XC2,0XF6,0XC2,0XF6,0XC2,0XF6,0XC2,0XF6,0XC2,0XF6,0XC2,0XF6,0XC2,0XF6,0XC2,0XF6,
    0XC2,0XF6,0XC2,0XF6,0XC2,0XF6,0XC2,0XF6,0XC2,0XF6,0XC2,0XF6,0XC2,0XF6,0XC2,0XF6,
    0XC2,0XF6,0XC2,0XF6,0XC2,0XF6,0XC2,0XF6,0XC2,0XF6,0XC2,0XF6,0XC2,0XF6,0XC2,0XF6,
    0XC2,0XF6,0XC2,0XF6,0XC2,0XF6,0XC2,0XF6,0XC2,0XF6,0XC2,0XF6,0XC2,0XF6,0XC2,0XF6,
    0XC2,0XF6,0XC2,0XF6,0XC2,0XF6,0XC2,0XF6,0XC2,0XF6,0XC2,0XF6,0XC3,0XF6,0XE4,0X83,
    0XA8,0XFE,0XA8,0XFE,0XA8,0XFE,0XA8,0XFE,0XA8,0XFE,0XA8,0XFE,0XA8,0XFE,0XA8,0XFE,
    0XA8,0XFE,0XA8,0XFE,0XA9,0XFE,0XA9,0XFE,0XA9,0XFE,0XA9,0XFE,0XA9,0XFE,0X89,0XFE,
    0X89,0XFE,0X89,0XFE,0X89,0XFE,0X89,0XFE,0X89,0XFE,0X89,0XFE,0X89,0XFE,0X89,0XFE,
    0X89,0XFE,0X6A,0XFE,0X69,0XFE,0X69,0XFE,0X69,0XFE,0X69,0XFE,0X49,0XFE,0X49,0XFE,
    0X49,0XFE,0X49,0XFE,0X49,0XFE,0X4A,0XFE,0X4A,0XFE,0X4A,0XFE,0XC4,0XCD,0XC2,0XF6,
    0X82,0XEE,0XE3,0XFE,0X45,0XD6,0XC2,0XF6,0XC2,0XF6,0XC2,0XF6,0XC2,0XF6,0XC2,0XF6,
    0XC2,0XF6,0XC2,0XF6,0XC2,0XF6,0XC2,0XF6,0XC2,0XF6,0XC2,0XF6,0XC2,0XF6,0XC2,0XF6,
    0XC2,0XF6,0XC2,0XF6,0XC2,0XF6,0XC2,0XF6,0XC2,0XF6,0XC2,0XF6,0XC2,0XF6,0XC2,0XF6,
    0XC2,0XF6,0XC2,0XF6,0XC2,0XF6,0XC2,0XF6,0XC2,0XF6,0XC2,0XF6,0XC2,0XF6,0XC2,0XF6,
    0XC2,0XF6,0XC2,0XF6,0XC2,0XF6,0XC2,0XF6,0XC2,0XF6,0XC2,0XF6,0XC2,0XF6,0XC2,0XF6,
    0XC2,0XF6,0XC2,0XF6,0XC2,0XF6,0XC2,0XF6,0XC2,0XF6,0XC2,0XF6,0XC2,0XF6,0XC2,0XF6,
    0XC2,0XF6,0XC2,0XF6,0XC2,0XF6,0XC2,0XF6,0XC2,0XF6,0XC2,0XF6,0XC2,0XF6,0XC2,0XF6,
    0XC2,0XF6,0XC2,0XF6,0XC2,0XF6,0X07,0XDE,0XA8,0XFE,0XA8,0XFE,0XA8,0XFE,0XA8,0XFE,
    0XA8,0XFE,0XA8,0XFE,0XA8,0XFE,0XA8,0XFE,0XA8,0XFE,0XA8,0XFE,0XA9,0XFE,0XA9,0XFE,
    0XA9,0XFE,0XA9,0XFE,0XA9,0XFE,0X89,0XFE,0X89,0XFE,0X89,0XFE,0X89,0XFE,0X89,0XFE,
    0X89,0XFE,0X89,0XFE,0X89,0XFE,0X89,0XFE,0X89,0XFE,0X6A,0XFE,0X69,0XFE,0X69,0XFE,
    0X69,0XFE,0X69,0XFE,0X49,0XFE,0X49,0XFE,0X49,0XFE,0X49,0XFE,0X49,0XFE,0X4A,0XFE,
    0X4A,0XFE,0X4A,0XFE,0X00,0X08,0X82,0XEE,0XC2,0XF6,0XC2,0XF6,0XC2,0XF6,0XC2,0XF6,
    0XC2,0XF6,0XC2,0XF6,0XC2,0XF6,0XC2,0XF6,0XC2,0XF6,0XC2,0XF6,0XC2,0XF6,0XC2,0XF6,
    0XC2,0XF6,0XC2,0XF6,0XC2,0XF6,0XC2,0XF6,0XC2,0XF6,0XC2,0XF6,0XC2,0XF6,0XC2,0XF6,
    0XC2,0XF6,0XC2,0XF6,0XC2,0XF6,0XC2,0XF6,0XC2,0XF6,0XC2,0XF6,0XC2,0XF6,0XC2,0XF6,
    0XC2,0XF6,0XC2,0XF6,0XC2,0XF6,0XC2,0XF6,0XC2,0XF6,0XC2,0XF6,0XC2,0XF6,0XC2,0XF6,
    0XC2,0XF6,0XC2,0XF6,0XC2,0XF6,0XC2,0XF6,0XC2,0XF6,0XC2,0XF6,0XC2,0XF6,0XC2,0XF6,
    0XC2,0XF6,0XC2,0XF6,0XC2,0XF6,0XC2,0XF6,0XC2,0XF6,0XC2,0XF6,0XC2,0XF6,0XC2,0XF6,
    0XC2,0XF6,0XC2,0XF6,0XC2,0XF6,0XC2,0XF6,0XC2,0XF6,0XC2,0XF6,0XC2,0XF6,0XE0,0X20,
    0XA8,0XFE,0XA8,0XFE,0XA8,0XFE,0XA8,0XFE,0XA8,0XFE,0XA8,0XFE,0XA8,0XFE,0XA8,0XFE,
    0XA8,0XFE,0XA8,0XFE,0XA9,0XFE,0XA9,0XFE,0XA9,0XFE,0XA9,0XFE,0XA9,0XFE,0X89,0XFE,
    0X89,0XFE,0X89,0XFE,0X89,0XFE,0X89,0XFE,0X89,0XFE,0X89,0XFE,0X89,0XFE,0X89,0XFE,
    0X89,0XFE,0X6A,0XFE,0X69,0XFE,0X69,0XFE,0X69,0XFE,0X69,0XFE,0X49,0XFE,0X49,0XFE,
    0X49,0XFE,0X49,0XFE,0X49,0XFE,0X4A,0XFE,0X4A,0XFE,0X4A,0XFE,0X22,0X5A,0XC2,0XF6,
    0XC2,0XF6,0XC2,0XF6,0XC2,0XF6,0XC2,0XF6,0XC2,0XF6,0XC2,0XF6,0XC2,0XF6,0XC2,0XF6,
    0XC2,0XF6,0XC2,0XF6,0XC2,0XF6,0XC2,0XF6,0XC2,0XF6,0XC2,0XF6,0XC2,0XF6,0XC2,0XF6,
    0XC2,0XF6,0XC2,0XF6,0XC2,0XF6,0XC2,0XF6,0XC2,0XF6,0XC2,0XF6,0XC2,0XF6,0XC2,0XF6,
    0XC2,0XF6,0XC2,0XF6,0XC2,0XF6,0XC2,0XF6,0XC2,0XF6,0XC2,0XF6,0XC2,0XF6,0XC2,0XF6,
    0XC2,0XF6,0XC2,0XF6,0XC2,0XF6,0XC2,0XF6,0XC2,0XF6,0XC2,0XF6,0XC2,0XF6,0XC2,0XF6,
    0XC2,0XF6,0XC2,0XF6,0XC2,0XF6,0XC2,0XF6,0XC2,0XF6,0XC2,0XF6,0XC2,0XF6,0XC2,0XF6,
    0XC2,0XF6,0XC2,0XF6,0XC2,0XF6,0XC2,0XF6,0XC2,0XF6,0XC2,0XF6,0XC2,0XF6,0XC2,0XF6,
    0XC2,0XF6,0XC2,0XF6,0XC2,0XF6,0X62,0X9C,0XC7,0XFE,0XA8,0XFE,0XA8,0XFE,0XA8,0XFE,
    0XA8,0XFE,0XA8,0XFE,0XA8,0XFE,0XA8,0XFE,0XA8,0XFE,0XA8,0XFE,0XA9,0XFE,0XA9,0XFE,
    0XA9,0XFE,0XA9,0XFE,0XA9,0XFE,0X89,0XFE,0X89,0XFE,0X89,0XFE,0X89,0XFE,0X89,0XFE,
    0X89,0XFE,0X89,0XFE,0X89,0XFE,0X89,0XFE,0X89,0XFE,0X6A,0XFE,0X69,0XFE,0X69,0XFE,
    0X69,0XFE,0X69,0XFE,0X49,0XFE,0X49,0XFE,0X49,0XFE,0X49,0XFE,0X49,0XFE,0X4A,0XFE,
    0X4A,0XFE,0X4A,0XFE,0X49,0XEE,0XE0,0XF6,0XC2,0XF6,0XC2,0XF6,0XC2,0XF6,0XC2,0XF6,
    0XC2,0XF6,0XC2,0XF6,0XC2,0XF6,0XC2,0XF6,0XC2,0XF6,0XC2,0XF6,0XC2,0XF6,0XC2,0XF6,
    0XC2,0XF6,0XC2,0XF6,0XC2,0XF6,0XC2,0XF6,0XC2,0XF6,0XC2,0XF6,0XC2,0XF6,0XC2,0XF6,
    0XC2,0XF6,0XC2,0XF6,0XC2,0XF6,0XC2,0XF6,0XC2,0XF6,0XC2,0XF6,0XC2,0XF6,0XC2,0XF6,
    0XC2,0XF6,0XC2,0XF6,0XC2,0XF6,0XC2,0XF6,0XC2,0XF6,0XC2,0XF6,0XC2,0XF6,0XC2,0XF6,
    0XC2,0XF6,0XC2,0XF6,0XC2,0XF6,0XC2,0XF6,0XC2,0XF6,0XC2,0XF6,0XC2,0XF6,0XC2,0XF6,
    0XC2,0XF6,0XC2,0XF6,0XC2,0XF6,0XC2,0XF6,0XC2,0XF6,0XC2,0XF6,0XC2,0XF6,0XC2,0XF6,
    0XC2,0XF6,0XC2,0XF6,0XC2,0XF6,0XC2,0XF6,0XC2,0XF6,0XC2,0XF6,0XC2,0XF6,0XA1,0XF6,
    0X47,0XE6,0XA8,0XFE,0XA8,0XFE,0XA7,0XFE,0XA8,0XFE,0XC7,0XED,0XE7,0XED,0XC7,0XED,
    0XC8,0XED,0XE8,0XED,0XE8,0XF5,0X88,0XFE,0X88,0XFE,0XA9,0XFE,0XA9,0XFE,0X89,0XFE,
    0X89,0XFE,0X89,0XFE,0X89,0XFE,0X68,0XFE,0X89,0XFE,0X89,0XFE,0X69,0XFE,0X69,0XFE,
    0X6A,0XFE,0X49,0XFE,0X69,0XFE,0X49,0XFE,0X69,0XFE,0X69,0XFE,0X49,0XFE,0X49,0XFE,
    0X49,0XFE,0X49,0XFE,0X49,0XFE,0X4A,0XFE,0X4A,0XFE,0X4A,0XFE,0XAB,0XD5,0XC3,0XF6,
    0XC2,0XF6,0XC2,0XF6,0XC2,0XF6,0XC2,0XF6,0XC2,0XF6,0XC2,0XF6,0XC2,0XF6,0XC2,0XF6,
    0XC2,0XF6,0XC2,0XF6,0XC2,0XF6,0XC2,0XF6,0XC2,0XF6,0XC2,0XF6,0XC2,0XF6,0XC2,0XF6,
    0XC2,0XF6,0XC2,0XF6,0XC2,0XF6,0XC2,0XF6,0XC2,0XF6,0XC2,0XF6,0XC2,0XF6,0XC2,0XF6,
    0XC2,0XF6,0XC2,0XF6,0XC2,0XF6,0XC2,0XF6,0XC2,0XF6,0XC2,0XF6,0XC2,0XF6,0XC2,0XF6,
    0XC2,0XF6,0XC2,0XF6,0XC2,0XF6,0XC2,0XF6,0XC2,0XF6,0XC2,0XF6,0XC2,0XF6,0XC2,0XF6,
    0XC2,0XF6,0XC2,0XF6,0XC2,0XF6,0XC2,0XF6,0XC2,0XF6,0XC2,0XF6,0XC2,0XF6,0XC2,0XF6,
    0XC2,0XF6,0XC2,0XF6,0XC2,0XF6,0XC2,0XF6,0XC2,0XF6,0XC2,0XF6,0XC2,0XF6,0XC2,0XF6,
    0XC2,0XF6,0XC2,0XF6,0XC2,0XF6,0XC2,0XF6,0XA3,0XE6,0XEA,0XFE,0XC8,0XFE,0XE8,0XED,
    0XC7,0XED,0XC8,0XED,0XC8,0XED,0XC8,0XED,0XC8,0XED,0XC8,0XED,0XC8,0XED,0XA8,0XED,
    0XA8,0XED,0XA8,0XED,0XE8,0XED,0X28,0XF6,0X28,0XF6,0XE8,0XF5,0X88,0XED,0X88,0XED,
    0X88,0XED,0X88,0XED,0X89,0XED,0X88,0XED,0X69,0XED,0X68,0XED,0X48,0XED,0X48,0XED,
    0X49,0XED,0X49,0XED,0X88,0XED,0X2A,0XFE,0X6A,0XFE,0X4A,0XFE,0X49,0XFE,0X4A,0XFE,
    0X4A,0XFE,0X4A,0XFE,0X61,0X18,0XC1,0XF6,0XC2,0XF6,0XC2,0XF6,0XC2,0XF6,0XC2,0XF6,
    0XC2,0XF6,0XC2,0XF6,0XC2,0XF6,0XC2,0XF6,0XC2,0XF6,0XC2,0XF6,0XC2,0XF6,0XC2,0XF6,
    0XC2,0XF6,0XC2,0XF6,0XC2,0XF6,0XC2,0XF6,0XC2,0XF6,0XC2,0XF6,0XC2,0XF6,0XC2,0XF6,
    0XC2,0XF6,0XC2,0XF6,0XC2,0XF6,0XC2,0XF6,0XC2,0XF6,0XC2,0XF6,0XC2,0XF6,0XC2,0XF6,
    0XC2,0XF6,0XC2,0XF6,0XC2,0XF6,0XC2,0XF6,0XC2,0XF6,0XC2,0XF6,0XC2,0XF6,0XC2,0XF6,
    0XC2,0XF6,0XC2,0XF6,0XC2,0XF6,0XC2,0XF6,0XC2,0XF6,0XC2,0XF6,0XC2,0XF6,0XC2,0XF6,
    0XC2,0XF6,0XC2,0XF6,0XC2,0XF6,0XC2,0XF6,0XC2,0XF6,0XC2,0XF6,0XC2,0XF6,0XC2,0XF6,
    0XC2,0XF6,0XC2,0XF6,0XC2,0XF6,0XC2,0XF6,0XC2,0XF6,0XC2,0XF6,0XA3,0XF6,0X80,0XEE,
    0X06,0XDE,0X02,0X00,0X24,0X7B,0XC9,0XF5,0XC7,0XED,0XC8,0XED,0XC8,0XED,0XC8,0XED,
    0XC8,0XED,0XC8,0XED,0XC8,0XED,0XA8,0XED,0XA8,0XED,0XA8,0XED,0XA8,0XED,0XA8,0XED,
    0XC9,0XED,0XA8,0XED,0X89,0XED,0X67,0XE5,0XC7,0XED,0XA8,0XED,0X68,0XE5,0X88,0XED,
    0X69,0XED,0X68,0XED,0X69,0XED,0X48,0XED,0X49,0XED,0X49,0XED,0X49,0XED,0X49,0XED,
    0X49,0XED,0X28,0XED,0X68,0XED,0X6A,0XFE,0X49,0XFE,0X49,0XFE,0X05,0XD6,0XC2,0XF6,
    0XC2,0XF6,0XC2,0XF6,0XC2,0XF6,0XC2,0XF6,0XC2,0XF6,0XC2,0XF6,0XC2,0XF6,0XC2,0XF6,
    0XC2,0XF6,0XC2,0XF6,0XC2,0XF6,0XC2,0XF6,0XC2,0XF6,0XC2,0XF6,0XC2,0XF6,0XC2,0XF6,
    0XC2,0XF6,0XC2,0XF6,0XC2,0XF6,0XC2,0XF6,0XC2,0XF6,0XC2,0XF6,0XC2,0XF6,0XC2,0XF6,
    0XC2,0XF6,0XC2,0XF6,0XC2,0XF6,0XC2,0XF6,0XC2,0XF6,0XC2,0XF6,0XC2,0XF6,0XC2,0XF6,
    0XC2,0XF6,0XC2,0XF6,0XC2,0XF6,0XC2,0XF6,0XC2,0XF6,0XC2,0XF6,0XC2,0XF6,0XC2,0XF6,
    0XC2,0XF6,0XC2,0XF6,0XC2,0XF6,0XC2,0XF6,0XC2,0XF6,0XC2,0XF6,0XC2,0XF6,0XC2,0XF6,
    0XC2,0XF6,0XC2,0XF6,0XC2,0XF6,0XC2,0XF6,0XC2,0XF6,0XC2,0XF6,0XC2,0XF6,0XC2,0XF6,
    0XE2,0XF6,0XE4,0XF6,0XC0,0X18,0X88,0XC5,0XA8,0XFE,0XC9,0XFE,0XC8,0XED,0XA8,0XED,
    0XC1,0X59,0XC8,0XED,0XC8,0XED,0X86,0XE5,0X89,0XFD,0XC9,0XED,0XCA,0XF5,0XA7,0XE5,
    0X88,0XED,0XE8,0XED,0X46,0XAC,0XA0,0X18,0X00,0X08,0X04,0X31,0X88,0XED,0X67,0XE5,
    0XAB,0XED,0X26,0XCD,0X20,0X51,0X88,0XED,0X68,0XED,0X48,0XED,0X69,0XED,0X48,0XED,
    0X49,0XED,0X49,0XED,0X49,0XED,0X49,0XED,0X49,0XED,0X29,0XED,0X28,0XED,0X28,0XE5,
    0X09,0XFE,0X01,0X00,0XC6,0XFE,0XC2,0XF6,0XC2,0XF6,0XC2,0XF6,0XC2,0XF6,0XC2,0XF6,
    0XC2,0XF6,0XC2,0XF6,0XC2,0XF6,0XC2,0XF6,0XC2,0XF6,0XC2,0XF6,0XC2,0XF6,0XC2,0XF6,
    0XC2,0XF6,0XC2,0XF6,0XC2,0XF6,0XC2,0XF6,0XC2,0XF6,0XC2,0XF6,0XC2,0XF6,0XC2,0XF6,
    0XC2,0XF6,0XC2,0XF6,0XC2,0XF6,0XC2,0XF6,0XC2,0XF6,0XC2,0XF6,0XC2,0XF6,0XC2,0XF6,
    0XC2,0XF6,0XC2,0XF6,0XC2,0XF6,0XC2,0XF6,0XC2,0XF6,0XC2,0XF6,0XC2,0XF6,0XC2,0XF6,
    0XC2,0XF6,0XC2,0XF6,0XC2,0XF6,0XC2,0XF6,0XC2,0XF6,0XC2,0XF6,0XC2,0XF6,0XC2,0XF6,
    0XC2,0XF6,0XC2,0XF6,0XC2,0XF6,0XC2,0XF6,0XC2,0XF6,0XC2,0XF6,0XC2,0XF6,0XC2,0XF6,
    0XC2,0XF6,0XC2,0XF6,0XC2,0XF6,0XC2,0XF6,0X82,0X7B,0XC9,0XF6,0XC7,0XFE,0XC1,0X93,
    0X86,0XF6,0X07,0XEE,0XC8,0XED,0XC8,0XED,0XC7,0XED,0XC8,0XED,0XC8,0XED,0XC8,0XED,
    0XC8,0XED,0XE0,0X30,0X05,0XF7,0XC3,0XF6,0XC2,0XF6,0XC2,0XF6,0XC2,0XF6,0XC2,0XF6,
    0XC2,0XF6,0XC2,0XF6,0XC2,0XF6,0XC2,0XF6,0XE0,0XF6,0X40,0X8C,0X03,0X08,0XE2,0X61,
    0XA8,0XED,0X48,0XED,0X48,0XED,0XA8,0XF5,0X69,0XED,0X49,0XED,0X49,0XED,0X49,0XED,
    0X6A,0XED,0X6A,0XED,0X29,0XED,0X09,0XE5,0X6B,0XF5,0XE1,0X49,0XA2,0XAC,0XC2,0XF6,
    0XE2,0XF6,0XC2,0XF6,0XC2,0XF6,0XC2,0XF6,0XC2,0XF6,0XC2,0XF6,0XC2,0XF6,0XC2,0XF6,
    0XC2,0XF6,0XC2,0XF6,0XC2,0XF6,0XC2,0XF6,0XC2,0XF6,0XC2,0XF6,0XC2,0XF6,0XC2,0XF6,
    0XC2,0XF6,0XC2,0XF6,0XC2,0XF6,0XC2,0XF6,0XC2,0XF6,0XC2,0XF6,0XC2,0XF6,0XC2,0XF6,
    0XC2,0XF6,0XC2,0XF6,0XC2,0XF6,0XC2,0XF6,0XC2,0XF6,0XC2,0XF6,0XC2,0XF6,0XC2,0XF6,
    0XC2,0XF6,0XC2,0XF6,0XC2,0XF6,0XC2,0XF6,0XC2,0XF6,0XC2,0XF6,0XC2,0XF6,0XC2,0XF6,
    0XC2,0XF6,0XC2,0XF6,0XC2,0XF6,0XC2,0XF6,0XC2,0XF6,0XC2,0XF6,0XC2,0XF6,0XC2,0XF6,
    0XC2,0XF6,0XC2,0XF6,0XC2,0XF6,0XC2,0XF6,0XC2,0XF6,0XC2,0XF6,0XC2,0XF6,0X40,0XEE,
    0X26,0XFF,0X06,0XBD,0XCA,0XFE,0XA2,0X8B,0XA8,0XFE,0XE7,0XED,0XC9,0XF5,0XC7,0XED,
    0X67,0XF5,0XC6,0XED,0XC9,0XF5,0XC7,0XE5,0X02,0X29,0XE1,0XB4,0XC2,0XF6,0XC2,0XF6,
    0XC2,0XF6,0XC2,0XF6,0XC2,0XF6,0XC2,0XF6,0XC2,0XF6,0XC2,0XF6,0XC2,0XF6,0XC2,0XF6,
    0XC2,0XF6,0XC2,0XF6,0XC2,0XF6,0XC2,0XF6,0XC2,0XF6,0XC2,0XF6,0X60,0X39,0X22,0X00,
    0X81,0X10,0X07,0X83,0X03,0X83,0XC7,0X72,0XA2,0X30,0X03,0X93,0X28,0XED,0X28,0XED,
    0X29,0XED,0X2A,0XFE,0X29,0XFE,0X22,0X49,0X25,0XD6,0X03,0XFF,0XC1,0XF6,0XC2,0XF6,
    0XC2,0XF6,0XC2,0XF6,0XC2,0XF6,0XC2,0XF6,0XC2,0XF6,0XC2,0XF6,0XC2,0XF6,0XC2,0XF6,
    0XC2,0XF6,0XC2,0XF6,0XC2,0XF6,0XC2,0XF6,0XC2,0XF6,0XC2,0XF6,0XC2,0XF6,0XC2,0XF6,
    0XC2,0XF6,0XC2,0XF6,0XC2,0XF6,0XC2,0XF6,0XC2,0XF6,0XC2,0XF6,0XC2,0XF6,0XC2,0XF6,
    0XC2,0XF6,0XC2,0XF6,0XC2,0XF6,0XC2,0XF6,0XC2,0XF6,0XC2,0XF6,0XC2,0XF6,0XC2,0XF6,
    0XC2,0XF6,0XC2,0XF6,0XC2,0XF6,0XC2,0XF6,0XC2,0XF6,0XC2,0XF6,0XC2,0XF6,0XC2,0XF6,
    0XC2,0XF6,0XC2,0XF6,0XC2,0XF6,0XC2,0XF6,0XC2,0XF6,0XC2,0XF6,0XC2,0XF6,0XC2,0XF6,
    0XC2,0XF6,0XC2,0XF6,0XC2,0XF6,0XE4,0XFE,0X06,0XF7,0XC3,0X9B,0XA8,0XFE,0XC8,0XFE,
    0XA7,0XFE,0X86,0XCD,0X60,0X08,0X02,0X08,0X40,0XCD,0XC2,0XF6,0XC2,0XF6,0XC2,0XF6,
    0XC2,0XF6,0XC2,0XF6,0XC2,0XF6,0XC2,0XF6,0XC2,0XF6,0XC2,0XF6,0XC2,0XF6,0XC2,0XF6,
    0XC2,0XF6,0XC2,0XF6,0XC2,0XF6,0XC2,0XF6,0XC2,0XF6,0XC2,0XF6,0XC2,0XF6,0XC2,0XF6,
    0XC2,0XF6,0XC2,0XF6,0XC2,0XF6,0XC2,0XF6,0XC2,0XF6,0X80,0XEE,0X6A,0XED,0X2A,0XED,
    0X28,0XED,0X29,0XED,0X28,0XED,0X08,0XED,0XEA,0XFD,0X4A,0XFE,0X29,0XFE,0X09,0XFE,
    0XAB,0XF6,0XA6,0XB4,0XC2,0XEE,0X02,0XF7,0XC2,0XF6,0XC2,0XF6,0XC2,0XF6,0XC2,0XF6,
    0XC2,0XF6,0XC2,0XF6,0XC2,0XF6,0XC2,0XF6,0XC2,0XF6,0XC2,0XF6,0XC2,0XF6,0XC2,0XF6,
    0XC2,0XF6,0XC2,0XF6,0XC2,0XF6,0XC2,0XF6,0XC2,0XF6,0XC2,0XF6,0XC2,0XF6,0XC2,0XF6,
    0XC2,0XF6,0XC2,0XF6,0XC2,0XF6,0XC2,0XF6,0XC2,0XF6,0XC2,0XF6,0XC2,0XF6,0XC2,0XF6,
    0XC2,0XF6,0XC2,0XF6,0XC2,0XF6,0XC2,0XF6,0XC2,0XF6,0XC2,0XF6,0XC2,0XF6,0XC2,0XF6,
    0XC2,0XF6,0XC2,0XF6,0XC2,0XF6,0XC2,0XF6,0XC2,0XF6,0XC2,0XF6,0XC2,0XF6,0XC2,0XF6,
    0XC2,0XF6,0XC2,0XF6,0XC2,0XF6,0XC2,0XF6,0XC2,0XF6,0XC2,0XF6,0XC2,0XF6,0XC3,0XF6,
    0XA3,0XF6,0XA4,0XEE,0X82,0XF6,0XE0,0XF6,0XE3,0XFE,0XE2,0XF6,0XE2,0XFE,0XE0,0XF6,
    0XE4,0XFE,0XC2,0XF6,0XC2,0XF6,0XC2,0XF6,0XC2,0XF6,0XC2,0XF6,0XC2,0XF6,0XC2,0XF6,
    0XC2,0XF6,0XC2,0XF6,0XC2,0XF6,0XC2,0XF6,0XC2,0XF6,0XC2,0XF6,0XC2,0XF6,0XC2,0XF6,
    0XC2,0XF6,0XC2,0XF6,0XC2,0XF6,0XC2,0XF6,0XC2,0XF6,0XC2,0XF6,0XC2,0XF6,0XC2,0XF6,
    0XC2,0XF6,0XE1,0XF6,0XA0,0XEE,0X82,0X00,0X40,0X49,0X29,0XED,0X28,0XED,0X29,0XED,
    0X48,0XFE,0X4A,0XFE,0X29,0XFE,0X4B,0XF6,0X48,0XFE,0X2A,0XD5,0X07,0XFE,0X03,0XD6,
    0XC2,0XF6,0XC2,0XF6,0XC2,0XF6,0XC2,0XF6,0XC2,0XF6,0XC2,0XF6,0XC2,0XF6,0XC2,0XF6,
    0XC2,0XF6,0XC2,0XF6,0XC2,0XF6,0XC2,0XF6,0XC2,0XF6,0XC2,0XF6,0XC2,0XF6,0XC2,0XF6,
    0XC2,0XF6,0XC2,0XF6,0XC2,0XF6,0XC2,0XF6,0XC2,0XF6,0XC2,0XF6,0XC2,0XF6,0XC2,0XF6,
    0XC2,0XF6,0XC2,0XF6,0XC2,0XF6,0XC2,0XF6,0XC2,0XF6,0XC2,0XF6,0XC2,0XF6,0XC2,0XF6,
    0XC2,0XF6,0XC2,0XF6,0XC2,0XF6,0XC2,0XF6,0XC2,0XF6,0XC2,0XF6,0XC2,0XF6,0XC2,0XF6,
    0XC2,0XF6,0XC2,0XF6,0XC2,0XF6,0XC2,0XF6,0XC2,0XF6,0XC2,0XF6,0XC2,0XF6,0XC2,0XF6,
    0XC2,0XF6,0XC2,0XF6,0XC2,0XF6,0XC2,0XF6,0XC2,0XF6,0XC2,0XF6,0XC3,0XF6,0XC2,0XF6,
    0XC2,0XF6,0XC2,0XF6,0XC2,0XF6,0XC2,0XF6,0XC2,0XF6,0XC2,0XF6,0XC2,0XF6,0XC2,0XF6,
    0XC2,0XF6,0XC2,0XF6,0XC2,0XF6,0XC2,0XF6,0XC2,0XF6,0XC2,0XF6,0XC2,0XF6,0XC2,0XF6,
    0XC2,0XF6,0XC2,0XF6,0XC2,0XF6,0XC2,0XF6,0XC2,0XF6,0XC2,0XF6,0XC2,0XF6,0XC2,0XF6,
    0XC2,0XF6,0XC2,0XF6,0XC2,0XF6,0XC2,0XF6,0XC2,0XF6,0XC2,0XF6,0XC3,0XF6,0X02,0XFF,
    0XA4,0XEE,0XA2,0XF6,0XC4,0XE6,0X20,0X08,0X40,0X18,0X29,0XF6,0X2A,0XFE,0X2A,0XFE,
    0X4A,0XFE,0X28,0XCD,0XE9,0XED,0X28,0XC5,0XC2,0XF6,0XC2,0XF6,0XC2,0XF6,0XC2,0XF6,
    0XC2,0XF6,0XC2,0XF6,0XC2,0XF6,0XC2,0XF6,0XC2,0XF6,0XC2,0XF6,0XC2,0XF6,0XC2,0XF6,
    0XC2,0XF6,0XC2,0XF6,0XC2,0XF6,0XC2,0XF6,0XC2,0XF6,0XC2,0XF6,0XC2,0XF6,0XC2,0XF6,
    0XC2,0XF6,0XC2,0XF6,0XC2,0XF6,0XC2,0XF6,0XC2,0XF6,0XC2,0XF6,0XC2,0XF6,0XC2,0XF6,
    0XC2,0XF6,0XC2,0XF6,0XC2,0XF6,0XC2,0XF6,0XC2,0XF6,0XC2,0XF6,0XC2,0XF6,0XC2,0XF6,
    0XC2,0XF6,0XC2,0XF6,0XC2,0XF6,0XC2,0XF6,0XC2,0XF6,0XC2,0XF6,0XC2,0XF6,0XC2,0XF6,
    0XC2,0XF6,0XC2,0XF6,0XC2,0XF6,0XC2,0XF6,0XC2,0XF6,0XC2,0XF6,0XC2,0XF6,0XC2,0XF6,
    0XC2,0XF6,0XC2,0XF6,0XC2,0XF6,0XC2,0XF6,0XC2,0XF6,0XC2,0XF6,0XC2,0XF6,0XC2,0XF6,
    0XC2,0XF6,0XC2,0XF6,0XC2,0XF6,0XC2,0XF6,0XC2,0XF6,0XC2,0XF6,0XC2,0XF6,0XC2,0XF6,
    0XC2,0XF6,0XC2,0XF6,0XC2,0XF6,0XC2,0XF6,0XC2,0XF6,0XC2,0XF6,0XC2,0XF6,0XC2,0XF6,
    0XC2,0XF6,0XC2,0XF6,0XC2,0XF6,0XC2,0XF6,0XC2,0XF6,0XC2,0XF6,0XC2,0XF6,0XC2,0XF6,
    0XC2,0XF6,0XC2,0XF6,0XC2,0XF6,0XC2,0XF6,0XC2,0XF6,0XC2,0XF6,0XC2,0XF6,0XE1,0XF6,
    0X02,0XF7,0XC3,0XF6,0XE2,0XF6,0X02,0X08,0X85,0X8B,0X2A,0XFE,0XA7,0XED,0XC8,0XED,
    0XC4,0XFE,0XC2,0XF6,0XC2,0XF6,0XC2,0XF6,0XC2,0XF6,0XC2,0XF6,0XC2,0XF6,0XC2,0XF6,
    0XC2,0XF6,0XC2,0XF6,0XC2,0XF6,0XC2,0XF6,0XC2,0XF6,0XC2,0XF6,0XC2,0XF6,0XC2,0XF6,
    0XC2,0XF6,0XC2,0XF6,0XC2,0XF6,0XC2,0XF6,0XC2,0XF6,0XC2,0XF6,0XC2,0XF6,0XC2,0XF6,
    0XC2,0XF6,0XC2,0XF6,0XC2,0XF6,0XC2,0XF6,0XC2,0XF6,0XC2,0XF6,0XC2,0XF6,0XC2,0XF6,
    0XC2,0XF6,0XC2,0XF6,0XC2,0XF6,0XC2,0XF6,0XC2,0XF6,0XC2,0XF6,0XC2,0XF6,0XC2,0XF6,
};

#endif
